model,prompt_id,location_id,layer,kv,local_group,severity,magnitude_class,layer_band,manifest_z,reconstructed_z,z_reconstruction_abs_error,encoding,bit,clean_word,fault_word,raw_scale,encoded_clean_scale,fault_scale,fault_scale_valid,scale_amplification,clean_group_equal_raw,clean_reference_source,local_write_changed,cache_readback_pass,fault_logits_finite,fault_vs_clean_top1_same,fault_vs_clean_kl,fault_vs_clean_maxlogit,fault_vs_clean_meanlogit,fault_vs_raw_top1_same,fault_vs_raw_kl,fault_vs_raw_maxlogit,fault_vs_bf16_top1_same,fault_vs_bf16_kl,fault_vs_bf16_maxlogit
LLAMA31_8B,0,0,0,K,433,HIGH,LOW_Z,EARLY,-1.1926450779423958,-1.1926450779423958,0.0,BINARY32_Z,31,3169512702,1022029054,0.4375,0.4375000000921638,0.0017089843731535668,True,256.00000033051833,True,FULL_RAW_INT4,True,True,True,True,0.0015243422240018845,0.1875,0.02683858945965767,True,0.0015243422240018845,0.1875,True,0.002519532572478056,0.875
LLAMA31_8B,0,1,0,K,323,MEDIUM,HIGH_Z,EARLY,-0.19264507794239588,-0.19264507794239588,0.0,BINARY32_Z,16,3437948158,3438013694,0.875,0.8750000003255403,0.8751480850677693,True,1.0001692397053417,True,FULL_RAW_INT4,False,True,True,True,0.0,0.0,0.0,True,0.0,0.0,True,0.0044092461466789246,0.84375
LLAMA31_8B,0,2,1,V,426,LOW,LOW_Z,EARLY,-4.521952650277618,-4.521952703195356,5.291773774729336e-08,BINARY32_Z,0,2275808492,2275808493,0.04352678571428571,0.04352678576177838,0.043526785874172136,True,1.0000000025821745,True,FULL_RAW_INT4,False,True,True,True,0.0,0.0,0.0,True,0.0,0.0,True,0.0044092461466789246,0.84375
LLAMA31_8B,0,3,2,V,140,HIGH,HIGH_Z,EARLY,-3.4323155404406034,-3.432315490710679,4.972992417862088e-08,BINARY32_Z,31,2568305754,420822106,0.09263392857142858,0.0926339286869046,0.00036185128346603954,True,256.00000033051833,True,FULL_RAW_INT4,True,True,True,True,0.0005203808541409671,0.1875,0.021212056279182434,True,0.0005203808541409671,0.1875,True,0.005786960944533348,0.8125
LLAMA31_8B,0,4,11,K,8,MEDIUM,LOW_Z,MIDDLE,-1.3979639373600958,-1.3979639859199025,4.855980662021864e-08,BINARY32_Z,16,3114397827,3114332291,0.3794642857142857,0.37946428547629535,0.3794000759192402,True,1.0001692397053417,True,FULL_RAW_INT4,False,True,True,True,0.0,0.0,0.0,True,0.0,0.0,True,0.0044092461466789246,0.84375
LLAMA31_8B,0,5,12,K,241,LOW,HIGH_Z,MIDDLE,-0.04580368961312479,-0.04580368961312479,0.0,BINARY32_Z,0,3477365593,3477365592,0.96875,0.9687500002937207,0.9687499977922391,True,1.0000000025821747,True,FULL_RAW_INT4,False,True,True,True,0.0,0.0,0.0,True,0.0,0.0,True,0.0044092461466789246,0.84375
LLAMA31_8B,0,6,11,V,80,HIGH,LOW_Z,MIDDLE,-3.841570593367959,-3.841570637395517,4.402755804377989e-08,BINARY32_Z,31,2458447162,310963514,0.06975446428571429,0.06975446435377704,0.0002724783760301482,True,256.00000033051833,True,FULL_RAW_INT4,True,True,True,True,0.0005081246490590274,0.125,0.019960273057222366,True,0.0005081246490590274,0.125,True,0.005623647011816502,0.875
LLAMA31_8B,0,7,11,V,222,MEDIUM,HIGH_Z,MIDDLE,-3.0794344285549373,-3.079434467494405,3.893946765032297e-08,BINARY32_Z,16,2663031532,2663097068,0.11830357142857142,0.11830357146645495,0.1183235931280308,True,1.0001692397053417,True,FULL_RAW_INT4,False,True,True,True,0.0,0.0,0.0,True,0.0,0.0,True,0.0044092461466789246,0.84375
LLAMA31_8B,0,8,21,K,18,LOW,LOW_Z,LATE,-1.415037499278844,-1.415037499278844,0.0,BINARY32_Z,0,3109814691,3109814690,0.375,0.3750000000969053,0.3749999991285899,True,1.0000000025821745,True,FULL_RAW_INT4,False,True,True,True,0.0,0.0,0.0,True,0.0,0.0,True,0.0044092461466789246,0.84375
LLAMA31_8B,0,9,23,K,263,HIGH,HIGH_Z,LATE,-0.012939092892936647,-0.012939055707498098,3.718543854953904e-08,BINARY32_Z,31,3486187626,1338703978,0.9910714285714286,0.9910714289060154,0.0038713727641658427,True,256.00000033051833,True,FULL_RAW_INT4,True,True,True,True,0.0001063412637449801,0.3125,0.037729762494564056,True,0.0001063412637449801,0.3125,True,0.004983588121831417,0.8125
LLAMA31_8B,0,10,21,V,57,MEDIUM,LOW_Z,LATE,-3.521952650277618,-3.521952703195356,5.291773774729336e-08,BINARY32_Z,16,2544243948,2544309484,0.08705357142857142,0.08705357153760598,0.08706830445840194,True,1.0001692397053417,True,FULL_RAW_INT4,False,True,True,True,0.0,0.0,0.0,True,0.0,0.0,True,0.0044092461466789246,0.84375
LLAMA31_8B,0,11,21,V,87,LOW,HIGH_Z,LATE,-2.597901593614093,-2.5979015564286545,3.718543828412635e-08,BINARY32_Z,0,2792292038,2792292039,0.16517857142857142,0.16517857125504898,0.16517857168156885,True,1.0000000025821745,True,FULL_RAW_INT4,False,True,True,True,0.0,0.0,0.0,True,0.0,0.0,True,0.0044092461466789246,0.84375
LLAMA31_8B,1,0,0,K,4,HIGH,LOW_Z,EARLY,-1.2527660411063244,-1.2527660703799668,2.9273642399019195e-08,BINARY32_Z,31,3153374096,1005890448,0.41964285714285715,0.41964285724902345,0.0016392299090126111,True,256.000000330518,True,FULL_RAW_INT4,True,True,True,True,0.00011918344534933567,0.1416015625,0.0219100508838892,True,0.00011918344534933567,0.1416015625,True,0.023547153919935226,1.408203125
LLAMA31_8B,1,1,1,K,129,MEDIUM,HIGH_Z,EARLY,-0.2074421224228855,-0.2074420798704764,4.255240912409697e-08,BINARY32_Z,16,3433976118,3434041654,0.8660714285714286,0.866071428802118,0.8662180024755333,True,1.0001692397053417,True,FULL_RAW_INT4,False,True,True,True,0.0,0.0,0.0,True,0.0,0.0,True,0.023751648142933846,1.345703125
LLAMA31_8B,1,2,1,V,343,LOW,LOW_Z,EARLY,-4.549967043394725,-4.5499670793649525,3.597022768531133e-08,BINARY32_Z,0,2268288440,2268288441,0.042689732142857144,0.04268973217178722,0.042689732282019555,True,1.0000000025821745,True,FULL_RAW_INT4,False,True,True,True,0.0,0.0,0.0,True,0.0,0.0,True,0.023751648142933846,1.345703125
LLAMA31_8B,1,3,2,V,316,HIGH,HIGH_Z,EARLY,-3.4064755183401823,-3.40647548577542,3.256476244217765e-08,BINARY32_Z,31,2575242127,427758479,0.09430803571428571,0.09430803570857307,0.000368390764010989,True,256.00000033051833,True,FULL_RAW_INT4,True,True,True,True,0.0008685376960784197,0.171875,0.031043220311403275,True,0.0008685376960784197,0.171875,True,0.023127608001232147,1.298828125
LLAMA31_8B,1,4,11,K,28,MEDIUM,LOW_Z,MIDDLE,-1.4064755183401825,-1.4064754857754198,3.256476266422226e-08,BINARY32_Z,16,3112113039,3112047503,0.37723214285714285,0.37723214295605223,0.37716831110221705,True,1.0001692397053417,True,FULL_RAW_INT4,False,True,True,True,0.0,0.0,0.0,True,0.0,0.0,True,0.023751648142933846,1.345703125
LLAMA31_8B,1,5,12,K,97,LOW,HIGH_Z,MIDDLE,-0.06588794851497316,-0.06588793565645709,1.2858516071356796e-08,BINARY32_Z,0,3471974269,3471974268,0.9553571428571429,0.955357142514791,0.9553571400478922,True,1.0000000025821745,True,FULL_RAW_INT4,False,True,True,True,0.0,0.0,0.0,True,0.0,0.0,True,0.023751648142933846,1.345703125
LLAMA31_8B,1,6,11,V,80,HIGH,LOW_Z,MIDDLE,-3.9004643723111267,-3.9004643264490855,4.5862041275768206e-08,BINARY32_Z,31,2442638007,295154359,0.06696428571428571,0.06696428565390675,0.0002615792404978516,True,256.00000033051833,True,FULL_RAW_INT4,True,True,True,True,0.00020216862321831286,0.125,0.019740425050258636,True,0.00020216862321831286,0.125,True,0.023900875821709633,1.361328125
LLAMA31_8B,1,7,11,V,17,MEDIUM,HIGH_Z,MIDDLE,-3.0794344285549373,-3.079434467494405,3.893946765032297e-08,BINARY32_Z,16,2663031532,2663097068,0.11830357142857142,0.11830357146645495,0.1183235931280308,True,1.0001692397053417,True,FULL_RAW_INT4,False,True,True,True,0.0,0.0,0.0,True,0.0,0.0,True,0.023751648142933846,1.345703125
LLAMA31_8B,1,8,21,K,222,LOW,LOW_Z,LATE,-1.3979639373600958,-1.3979639859199025,4.855980662021864e-08,BINARY32_Z,0,3114397827,3114397826,0.3794642857142857,0.37946428547629535,0.37946428449645236,True,1.0000000025821745,True,FULL_RAW_INT4,False,True,True,True,0.0,0.0,0.0,True,0.0,0.0,True,0.023751648142933846,1.345703125
LLAMA31_8B,1,9,22,K,11,HIGH,HIGH_Z,LATE,-0.0325678247616036,-0.03256786245643074,3.769482714160999e-08,BINARY32_Z,31,3480918558,1333434910,0.9776785714285714,0.9776785709739065,0.0038190569129360912,True,256.00000033051805,True,FULL_RAW_INT4,True,True,True,True,0.00023034820333123207,0.125,0.01554293092340231,True,0.00023034820333123207,0.125,True,0.022567665204405785,1.330078125
LLAMA31_8B,1,10,21,V,71,MEDIUM,LOW_Z,LATE,-3.4944720186925404,-3.494471966773249,5.191929153269825e-08,BINARY32_Z,16,2551620752,2551686288,0.08872767857142858,0.0887276786800474,0.08874269492624286,True,1.0001692397053417,True,FULL_RAW_INT4,False,True,True,True,0.0,0.0,0.0,True,0.0,0.0,True,0.023751648142933846,1.345703125
LLAMA31_8B,1,11,23,V,183,LOW,HIGH_Z,LATE,-2.5594274629243303,-2.5594274086140185,5.4310311803362765e-08,BINARY32_Z,0,2802619864,2802619865,0.16964285714285715,0.1696428572229052,0.16964285766095266,True,1.0000000025821745,True,FULL_RAW_INT4,False,True,True,True,0.0,0.0,0.0,True,0.0,0.0,True,0.023751648142933846,1.345703125
LLAMA31_8B,2,0,0,K,59,HIGH,LOW_Z,EARLY,-1.2223924070045604,-1.222392421336448,1.433188767663296e-08,BINARY32_Z,31,3161527460,1014043812,0.42857142857142855,0.42857142831523354,0.0016741071396949607,True,256.0000003305187,True,FULL_RAW_INT4,True,True,True,True,7.339958392549306e-05,0.15625,0.021419361233711243,True,7.339958392549306e-05,0.15625,True,0.00025645969435572624,0.875
LLAMA31_8B,2,1,1,K,117,MEDIUM,HIGH_Z,EARLY,-0.21489789904715284,-0.2148978847895236,1.425762924389673e-08,BINARY32_Z,16,3431974716,3431909180,0.8616071428571429,0.8616071439606094,0.8614613504954884,True,1.0001692397053417,True,FULL_RAW_INT4,False,True,True,True,0.0,0.0,0.0,True,0.0,0.0,True,0.0005641122697852552,0.96875
LLAMA31_8B,2,2,1,V,4,LOW,LOW_Z,EARLY,-4.578536213216907,-4.578536231561723,1.83448163326716e-08,BINARY32_Z,0,2260619466,2260619467,0.04185267857142857,0.04185267853448282,0.04185267864255374,True,1.0000000025821743,True,FULL_RAW_INT4,False,True,True,True,0.0,0.0,0.0,True,0.0,0.0,True,0.0005641122697852552,0.96875
LLAMA31_8B,2,3,2,V,77,HIGH,HIGH_Z,EARLY,-3.4675049531448616,-3.4675049191729794,3.397188219622649e-08,BINARY32_Z,31,2558859663,411376015,0.09040178571428571,0.09040178565738001,0.00035313197476821647,True,256.00000033051833,True,FULL_RAW_INT4,True,True,True,True,0.00028695561923086643,0.15625,0.020759472623467445,True,0.00028695561923086643,0.15625,True,7.144196570152417e-05,0.96875
LLAMA31_8B,2,4,11,K,80,MEDIUM,LOW_Z,MIDDLE,-1.3810901833538924,-1.381090167355506,1.5998386393434316e-08,BINARY32_Z,16,3118927358,3118861822,0.38392857142857145,0.38392857100959205,0.38386360604601344,True,1.0001692397053417,True,FULL_RAW_INT4,False,True,True,True,0.0,0.0,0.0,True,0.0,0.0,True,0.0005641122697852552,0.96875
LLAMA31_8B,2,5,13,K,351,LOW,HIGH_Z,MIDDLE,-0.07264528891288136,-0.07264530183176594,1.2918884587098667e-08,BINARY32_Z,0,3470160352,3470160353,0.9508928571428571,0.9508928559923371,0.9508928584477083,True,1.0000000025821745,True,FULL_RAW_INT4,False,True,True,True,0.0,0.0,0.0,True,0.0,0.0,True,0.0005641122697852552,0.96875
LLAMA31_8B,2,6,12,V,70,HIGH,LOW_Z,MIDDLE,-3.8825423731559816,-3.8825424184518234,4.529584174406409e-08,BINARY32_Z,31,2447448883,299965235,0.06780133928571429,0.06780133930432455,0.0002648489813155746,True,256.0000003305184,True,FULL_RAW_INT4,True,True,True,True,7.504581299144775e-05,0.15625,0.023573782294988632,True,7.504581299144775e-05,0.15625,True,0.00025296740932390094,0.90625
LLAMA31_8B,2,7,12,V,161,MEDIUM,HIGH_Z,MIDDLE,-3.12787478228305,-3.127874822552158,4.026910804810768e-08,BINARY32_Z,16,2650028423,2650093959,0.11439732142857142,0.11439732140485584,0.11441668197382228,True,1.0001692397053417,True,FULL_RAW_INT4,False,True,True,True,0.0,0.0,0.0,True,0.0,0.0,True,0.0005641122697852552,0.96875
LLAMA31_8B,2,8,21,K,4,LOW,LOW_Z,LATE,-1.3895023910797624,-1.3895024071717064,1.609194399954106e-08,BINARY32_Z,0,3116669215,3116669214,0.38169642857142855,0.38169642857920566,0.3816964275935989,True,1.0000000025821745,True,FULL_RAW_INT4,False,True,True,True,0.0,0.0,0.0,True,0.0,0.0,True,0.0005641122697852552,0.96875
LLAMA31_8B,2,9,22,K,271,HIGH,HIGH_Z,LATE,-0.012939092892936647,-0.012939055707498098,3.718543854953904e-08,BINARY32_Z,31,3486187626,1338703978,0.9910714285714286,0.9910714289060154,0.0038713727641658427,True,256.00000033051833,True,FULL_RAW_INT4,True,True,True,True,7.491056021535769e-05,0.125,0.021752849221229553,True,7.491056021535769e-05,0.125,True,0.00025169787113554776,1.0
LLAMA31_8B,2,10,21,V,12,MEDIUM,LOW_Z,LATE,-3.5499670433947252,-3.5499670793649525,3.597022724122212e-08,BINARY32_Z,16,2536723896,2536658360,0.08537946428571429,0.08537946435735348,0.08536501720699488,True,1.0001692397053417,True,FULL_RAW_INT4,False,True,True,True,0.0,0.0,0.0,True,0.0,0.0,True,0.0005641122697852552,0.96875
LLAMA31_8B,2,11,21,V,78,LOW,HIGH_Z,LATE,-2.6474835660364007,-2.6474835852792147,1.924281400889072e-08,BINARY32_Z,0,2778982464,2778982465,0.15959821428571427,0.1595982143326838,0.15959821474479424,True,1.0000000025821745,True,FULL_RAW_INT4,False,True,True,True,0.0,0.0,0.0,True,0.0,0.0,True,0.0005641122697852552,0.96875
LLAMA31_8B,3,0,0,K,489,HIGH,LOW_Z,EARLY,-1.1926450779423958,-1.1926450779423958,0.0,BINARY32_Z,31,3169512702,1022029054,0.4375,0.4375000000921638,0.0017089843731535668,True,256.00000033051833,True,FULL_RAW_INT4,True,True,True,True,0.002289898693561554,0.234375,0.0403066985309124,True,0.002289898693561554,0.234375,True,0.015465525910258293,1.1875
LLAMA31_8B,3,1,1,K,249,MEDIUM,HIGH_Z,EARLY,-0.14201900487242788,-0.14201900487242788,0.0,BINARY32_Z,16,3451537991,3451603527,0.90625,0.9062500003211081,0.9064033738041283,True,1.0001692397053417,True,FULL_RAW_INT4,False,True,True,True,0.0,0.0,0.0,True,0.0,0.0,True,0.012506360188126564,1.28125
LLAMA31_8B,3,2,1,V,509,LOW,LOW_Z,EARLY,-4.494472018692541,-4.494471966773249,5.191929197678746e-08,BINARY32_Z,0,2283185296,2283185297,0.04436383928571429,0.044363839332864,0.04436383944741917,True,1.0000000025821745,True,FULL_RAW_INT4,False,True,True,True,0.0,0.0,0.0,True,0.0,0.0,True,0.012506360188126564,1.28125
LLAMA31_8B,3,3,2,V,112,HIGH,HIGH_Z,EARLY,-3.4586267171813296,-3.4586267678265266,5.0645196925103164e-08,BINARY32_Z,31,2561242874,413759226,0.09095982142857142,0.09095982146419142,0.0003553118021357592,True,256.00000033051833,True,FULL_RAW_INT4,True,True,True,True,0.0029741087928414345,0.3125,0.05114249512553215,True,0.0029741087928414345,0.3125,True,0.01458301953971386,1.140625
LLAMA31_8B,3,4,11,K,50,MEDIUM,LOW_Z,MIDDLE,-1.37272674213861,-1.3727266944208794,4.771773065570528e-08,BINARY32_Z,16,3121172411,3121106875,0.3861607142857143,0.38616071419292697,0.38609537152601614,True,1.0001692397053417,True,FULL_RAW_INT4,False,True,True,True,0.0,0.0,0.0,True,0.0,0.0,True,0.012506360188126564,1.28125
LLAMA31_8B,3,5,11,K,193,LOW,HIGH_Z,MIDDLE,0.006426244699677955,0.0064262691594330875,2.4459755132780203e-08,BINARY32_Z,0,3491385966,3491385967,1.0044642857142858,1.0044642865461129,1.004464289139815,True,1.0000000025821745,True,FULL_RAW_INT4,False,True,True,True,0.0,0.0,0.0,True,0.0,0.0,True,0.012506360188126564,1.28125
LLAMA31_8B,3,6,11,V,106,HIGH,LOW_Z,MIDDLE,-3.8589877350352335,-3.8589876904729263,4.4562307177642424e-08,BINARY32_Z,31,2453771807,306288159,0.06891741071428571,0.0689174107074878,0.00026920863522855243,True,256.00000033051833,True,FULL_RAW_INT4,True,True,True,True,0.0008485011057928205,0.1875,0.031618859618902206,True,0.0008485011057928205,0.1875,True,0.011701462790369987,1.21875
LLAMA31_8B,3,7,11,V,256,MEDIUM,HIGH_Z,MIDDLE,-3.1069152436048166,-3.106915203916512,3.968830464273765e-08,BINARY32_Z,16,2655654728,2655720264,0.11607142857142858,0.11607142861188417,0.11609107250626102,True,1.0001692397053417,True,FULL_RAW_INT4,False,True,True,True,0.0,0.0,0.0,True,0.0,0.0,True,0.012506360188126564,1.28125
LLAMA31_8B,3,8,21,K,10,LOW,LOW_Z,LATE,-1.3644113945798828,-1.3644114262088758,3.162899298025934e-08,BINARY32_Z,0,3123404524,3123404525,0.38839285714285715,0.3883928572363416,0.3883928582392397,True,1.0000000025821745,True,FULL_RAW_INT4,False,True,True,True,0.0,0.0,0.0,True,0.0,0.0,True,0.012506360188126564,1.28125
LLAMA31_8B,3,9,21,K,427,HIGH,HIGH_Z,LATE,0.050626049348222874,0.05062607306996814,2.3721745269489336e-08,BINARY32_Z,31,3503250760,1355767112,1.0357142857142858,1.0357142851944852,0.0040457589213175275,True,256.0000003305185,True,FULL_RAW_INT4,True,True,True,True,0.020511623471975327,1.5029296875,0.18671470880508423,True,0.020511623471975327,1.5029296875,True,0.03532162681221962,1.71875
LLAMA31_8B,3,10,21,V,60,MEDIUM,LOW_Z,LATE,-3.5035741912964657,-3.503574173880501,1.7415964670419726e-08,BINARY32_Z,16,2549177396,2549111860,0.08816964285714286,0.08816964276356219,0.08815472348413526,True,1.0001692397053417,True,FULL_RAW_INT4,False,True,True,True,0.0,0.0,0.0,True,0.0,0.0,True,0.012506360188126564,1.28125
LLAMA31_8B,3,11,21,V,119,LOW,HIGH_Z,LATE,-2.5881863461916366,-2.5881864015954426,5.540380598745287e-08,BINARY32_Z,0,2794899930,2794899931,0.16629464285714285,0.1662946426750808,0.16629464310448258,True,1.0000000025821745,True,FULL_RAW_INT4,False,True,True,True,0.0,0.0,0.0,True,0.0,0.0,True,0.012506360188126564,1.28125
LLAMA31_8B,4,0,0,K,260,HIGH,LOW_Z,EARLY,-1.1926450779423958,-1.1926450779423958,0.0,BINARY32_Z,31,3169512702,1022029054,0.4375,0.4375000000921638,0.0017089843731535668,True,256.00000033051833,True,FULL_RAW_INT4,True,True,True,True,0.00038959505036473274,0.15625,0.020658200606703758,True,0.00038959505036473274,0.15625,True,0.006625507026910782,0.640625
LLAMA31_8B,4,1,1,K,104,MEDIUM,HIGH_Z,EARLY,-0.17073028768620452,-0.17073030151395535,1.3827750833250718e-08,BINARY32_Z,16,3443830861,3443896397,0.8883928571428571,0.888392857468019,0.8885432088134445,True,1.0001692397053417,True,FULL_RAW_INT4,False,True,True,True,0.0,0.0,0.0,True,0.0,0.0,True,0.007613266818225384,0.609375
LLAMA31_8B,4,2,0,V,650,LOW,LOW_Z,EARLY,-4.512734155639083,-4.512734173165978,1.7526894602326593e-08,BINARY32_Z,0,2278283072,2278283073,0.04380580357142857,0.04380580358398947,0.0438058036971037,True,1.0000000025821745,True,FULL_RAW_INT4,False,True,True,True,0.0,0.0,0.0,True,0.0,0.0,True,0.007613266818225384,0.609375
LLAMA31_8B,4,3,2,V,89,HIGH,HIGH_Z,EARLY,-3.449802900660725,-3.4498029174395204,1.6778795242089473e-08,BINARY32_Z,31,2563611508,416127860,0.09151785714285714,0.0915178571073851,0.00035749162886417014,True,256.00000033051833,True,FULL_RAW_INT4,True,True,True,True,0.00042649125680327415,0.125,0.018449295312166214,True,0.00042649125680327415,0.125,True,0.006794714834541082,0.609375
LLAMA31_8B,4,4,11,K,44,MEDIUM,LOW_Z,MIDDLE,-1.4410327244888939,-1.4410327078117882,1.667710569641656e-08,BINARY32_Z,16,3102836655,3102771119,0.36830357142857145,0.3683035711953876,0.36824125015471676,True,1.0001692397053417,True,FULL_RAW_INT4,False,True,True,True,0.0,0.0,0.0,True,0.0,0.0,True,0.007613266818225384,0.609375
LLAMA31_8B,4,5,11,K,531,LOW,HIGH_Z,MIDDLE,-0.07264528891288136,-0.07264530183176594,1.2918884587098667e-08,BINARY32_Z,0,3470160352,3470160353,0.9508928571428571,0.9508928559923371,0.9508928584477083,True,1.0000000025821745,True,FULL_RAW_INT4,False,True,True,True,0.0,0.0,0.0,True,0.0,0.0,True,0.007613266818225384,0.609375
LLAMA31_8B,4,6,11,V,149,HIGH,LOW_Z,MIDDLE,-3.830074998557688,-3.830074998557688,0.0,BINARY32_Z,31,2461532999,314049351,0.0703125,0.07031250005903437,0.00027465820300099535,True,256.00000033051833,True,FULL_RAW_INT4,True,True,True,True,0.0004273554077371955,0.09375,0.015207799151539803,True,0.0004273554077371955,0.09375,True,0.006556820590049028,0.59375
LLAMA31_8B,4,7,11,V,22,MEDIUM,HIGH_Z,MIDDLE,-3.0794344285549373,-3.079434467494405,3.893946765032297e-08,BINARY32_Z,16,2663031532,2663097068,0.11830357142857142,0.11830357146645495,0.1183235931280308,True,1.0001692397053417,True,FULL_RAW_INT4,False,True,True,True,0.0,0.0,0.0,True,0.0,0.0,True,0.007613266818225384,0.609375
LLAMA31_8B,4,8,21,K,470,LOW,LOW_Z,LATE,-1.4064755183401825,-1.4064754857754198,3.256476266422226e-08,BINARY32_Z,0,3112113039,3112113038,0.37723214285714285,0.37723214295605223,0.377232141981973,True,1.0000000025821745,True,FULL_RAW_INT4,False,True,True,True,0.0,0.0,0.0,True,0.0,0.0,True,0.007613266818225384,0.609375
LLAMA31_8B,4,9,21,K,443,HIGH,HIGH_Z,LATE,-0.059162110864271034,-0.05916207246814377,3.839612726375119e-08,BINARY32_Z,31,3473779729,1326296081,0.9598214285714286,0.9598214278519261,0.0037493024477059096,True,256.0000003305184,True,FULL_RAW_INT4,True,True,True,True,0.0005937679670751095,0.21875,0.043071966618299484,True,0.0005937679670751095,0.21875,True,0.006565602961927652,0.67578125
LLAMA31_8B,4,10,21,V,58,MEDIUM,LOW_Z,LATE,-3.5035741912964657,-3.503574173880501,1.7415964670419726e-08,BINARY32_Z,16,2549177396,2549111860,0.08816964285714286,0.08816964276356219,0.08815472348413526,True,1.0001692397053417,True,FULL_RAW_INT4,False,True,True,True,0.0,0.0,0.0,True,0.0,0.0,True,0.007613266818225384,0.609375
LLAMA31_8B,4,11,21,V,194,LOW,HIGH_Z,LATE,-2.5594274629243303,-2.5594274086140185,5.4310311803362765e-08,BINARY32_Z,0,2802619864,2802619865,0.16964285714285715,0.1696428572229052,0.16964285766095266,True,1.0000000025821745,True,FULL_RAW_INT4,False,True,True,True,0.0,0.0,0.0,True,0.0,0.0,True,0.007613266818225384,0.609375
LLAMA31_8B,5,0,0,K,26,HIGH,LOW_Z,EARLY,-1.2074421224228855,-1.2074420798704764,4.2552409151852544e-08,BINARY32_Z,31,3165540662,1018057014,0.4330357142857143,0.43303571433117316,0.001691545756922212,True,256.00000033051833,True,FULL_RAW_INT4,True,True,True,True,2.9966202419018373e-05,0.125,0.016468428075313568,True,2.9966202419018373e-05,0.125,True,0.00011108937906101346,1.40625
LLAMA31_8B,5,1,1,K,173,MEDIUM,HIGH_Z,EARLY,-0.15630327194915986,-0.15630323087867545,4.1070484402272456e-08,BINARY32_Z,16,3447703598,3447638062,0.8973214285714286,0.897321428242227,0.8971695915249159,True,1.0001692397053417,True,FULL_RAW_INT4,False,True,True,True,0.0,0.0,0.0,True,0.0,0.0,True,8.16171959741041e-05,1.40625
LLAMA31_8B,5,2,1,V,371,LOW,LOW_Z,EARLY,-4.521952650277618,-4.521952703195356,5.291773774729336e-08,BINARY32_Z,0,2275808492,2275808493,0.04352678571428571,0.04352678576177838,0.043526785874172136,True,1.0000000025821745,True,FULL_RAW_INT4,False,True,True,True,0.0,0.0,0.0,True,0.0,0.0,True,8.16171959741041e-05,1.40625
LLAMA31_8B,5,3,2,V,97,HIGH,HIGH_Z,EARLY,-3.449802900660725,-3.4498029174395204,1.6778795242089473e-08,BINARY32_Z,31,2563611508,416127860,0.09151785714285714,0.0915178571073851,0.00035749162886417014,True,256.00000033051833,True,FULL_RAW_INT4,True,True,True,True,2.9967624868731946e-05,0.125,0.015688316896557808,True,2.9967624868731946e-05,0.125,True,0.00011237790749873966,1.40625
LLAMA31_8B,5,4,11,K,188,MEDIUM,LOW_Z,MIDDLE,-1.415037499278844,-1.415037499278844,0.0,BINARY32_Z,16,3109814691,3109880227,0.375,0.3750000000969053,0.3750634649864248,True,1.0001692397053414,True,FULL_RAW_INT4,False,True,True,True,0.0,0.0,0.0,True,0.0,0.0,True,8.16171959741041e-05,1.40625
LLAMA31_8B,5,5,11,K,455,LOW,HIGH_Z,MIDDLE,0.0,0.0,0.0,BINARY32_Z,0,3489660927,3489660926,1.0,0.9999999995158423,0.9999999969336678,True,1.0000000025821745,True,FULL_RAW_INT4,False,True,True,True,0.0,0.0,0.0,True,0.0,0.0,True,8.16171959741041e-05,1.40625
LLAMA31_8B,5,6,11,V,4,HIGH,LOW_Z,MIDDLE,-3.8825423731559816,-3.8825424184518234,4.529584174406409e-08,BINARY32_Z,31,2447448883,299965235,0.06780133928571429,0.06780133930432455,0.0002648489813155746,True,256.0000003305184,True,FULL_RAW_INT4,True,True,True,True,3.1337149266619235e-05,0.125,0.015713036060333252,True,3.1337149266619235e-05,0.125,True,0.00011197097774129361,1.40625
LLAMA31_8B,5,7,11,V,403,MEDIUM,HIGH_Z,MIDDLE,-3.0794344285549373,-3.079434467494405,3.893946765032297e-08,BINARY32_Z,16,2663031532,2663097068,0.11830357142857142,0.11830357146645495,0.1183235931280308,True,1.0001692397053417,True,FULL_RAW_INT4,False,True,True,True,0.0,0.0,0.0,True,0.0,0.0,True,8.16171959741041e-05,1.40625
LLAMA31_8B,5,8,21,K,296,LOW,LOW_Z,LATE,-1.3810901833538924,-1.381090167355506,1.5998386393434316e-08,BINARY32_Z,0,3118927358,3118927359,0.38392857142857145,0.38392857100959205,0.3839285720009626,True,1.0000000025821745,True,FULL_RAW_INT4,False,True,True,True,0.0,0.0,0.0,True,0.0,0.0,True,8.16171959741041e-05,1.40625
LLAMA31_8B,5,9,23,K,171,HIGH,HIGH_Z,LATE,0.044394119358453436,0.044394119358453436,0.0,BINARY32_Z,31,3501577883,1354094235,1.03125,1.0312500003769818,0.004028320308771672,True,256.0000003305184,True,FULL_RAW_INT4,True,True,True,True,2.974847848236095e-05,0.125,0.01407905388623476,True,2.974847848236095e-05,0.125,True,0.00011295049625914544,1.421875
LLAMA31_8B,5,10,21,V,75,MEDIUM,LOW_Z,LATE,-3.5035741912964657,-3.503574173880501,1.7415964670419726e-08,BINARY32_Z,16,2549177396,2549111860,0.08816964285714286,0.08816964276356219,0.08815472348413526,True,1.0001692397053417,True,FULL_RAW_INT4,False,True,True,True,0.0,0.0,0.0,True,0.0,0.0,True,8.16171959741041e-05,1.40625
LLAMA31_8B,5,11,21,V,171,LOW,HIGH_Z,LATE,-2.5499670433947252,-2.5499670793649525,3.597022724122212e-08,BINARY32_Z,0,2805159352,2805159353,0.17075892857142858,0.17075892874226503,0.17075892918319438,True,1.0000000025821745,True,FULL_RAW_INT4,False,True,True,True,0.0,0.0,0.0,True,0.0,0.0,True,8.16171959741041e-05,1.40625
LLAMA31_8B,6,0,1,K,334,HIGH,LOW_Z,EARLY,-1.1853031305374964,-1.185303102601228,2.7936268409689546e-08,BINARY32_Z,31,3171483548,1023999900,0.43973214285714285,0.43973214238410124,0.00171770367897019,True,256.0000003305184,True,FULL_RAW_INT4,True,True,True,True,6.072426913306117e-05,0.1953125,0.03072279877960682,True,6.072426913306117e-05,0.1953125,True,0.0029700174927711487,0.921875
LLAMA31_8B,6,1,0,K,36,MEDIUM,HIGH_Z,EARLY,-0.17799826028523125,-0.17799830197799454,4.169276329735183e-08,BINARY32_Z,16,3441879872,3441945408,0.8839285714285714,0.8839285717939097,0.8840781676049432,True,1.0001692397053417,True,FULL_RAW_INT4,False,True,True,True,0.0,0.0,0.0,True,0.0,0.0,True,0.002745307981967926,0.9453125
LLAMA31_8B,6,2,1,V,9,LOW,LOW_Z,EARLY,-4.568950200955853,-4.568950182732525,1.8223327735711337e-08,BINARY32_Z,0,2263192702,2263192703,0.04213169642857143,0.04213169645794832,0.04213169656673971,True,1.0000000025821743,True,FULL_RAW_INT4,False,True,True,True,0.0,0.0,0.0,True,0.0,0.0,True,0.002745307981967926,0.9453125
LLAMA31_8B,6,3,2,V,43,HIGH,HIGH_Z,EARLY,-3.4586267171813296,-3.4586267678265266,5.0645196925103164e-08,BINARY32_Z,31,2561242874,413759226,0.09095982142857142,0.09095982146419142,0.0003553118021357592,True,256.00000033051833,True,FULL_RAW_INT4,True,True,True,True,3.889889921993017e-05,0.2109375,0.02860390581190586,True,3.889889921993017e-05,0.2109375,True,0.0028008241206407547,0.9140625
LLAMA31_8B,6,4,12,K,34,MEDIUM,LOW_Z,MIDDLE,-1.3397493253352444,-1.3397493719746068,4.6639362372147275e-08,BINARY32_Z,16,3130024694,3130090230,0.3950892857142857,0.3950892860412387,0.39515615083559197,True,1.0001692397053417,True,FULL_RAW_INT4,False,True,True,True,0.0,0.0,0.0,True,0.0,0.0,True,0.002745307981967926,0.9453125
LLAMA31_8B,6,5,11,K,473,LOW,HIGH_Z,MIDDLE,-0.04580368961312479,-0.04580368961312479,0.0,BINARY32_Z,0,3477365593,3477365592,0.96875,0.9687500002937207,0.9687499977922391,True,1.0000000025821747,True,FULL_RAW_INT4,False,True,True,True,0.0,0.0,0.0,True,0.0,0.0,True,0.002745307981967926,0.9453125
LLAMA31_8B,6,6,12,V,226,HIGH,LOW_Z,MIDDLE,-3.841570593367959,-3.841570637395517,4.402755804377989e-08,BINARY32_Z,31,2458447162,310963514,0.06975446428571429,0.06975446435377704,0.0002724783760301482,True,256.00000033051833,True,FULL_RAW_INT4,True,True,True,True,0.001699347048997879,0.189453125,0.029535289853811264,True,0.001699347048997879,0.189453125,True,0.0019851461984217167,0.9375
LLAMA31_8B,6,7,11,V,50,MEDIUM,HIGH_Z,MIDDLE,-3.0931094043914813,-3.0931094043914813,0.0,BINARY32_Z,16,2659360694,2659426230,0.1171875,0.11718750001358559,0.11720733279155761,True,1.0001692397053417,True,FULL_RAW_INT4,False,True,True,True,0.0,0.0,0.0,True,0.0,0.0,True,0.002745307981967926,0.9453125
LLAMA31_8B,6,8,21,K,184,LOW,LOW_Z,LATE,-1.3644113945798828,-1.3644114262088758,3.162899298025934e-08,BINARY32_Z,0,3123404524,3123404525,0.38839285714285715,0.3883928572363416,0.3883928582392397,True,1.0000000025821745,True,FULL_RAW_INT4,False,True,True,True,0.0,0.0,0.0,True,0.0,0.0,True,0.002745307981967926,0.9453125
LLAMA31_8B,6,9,21,K,375,HIGH,HIGH_Z,LATE,-0.006454997458174798,-0.006455022137299351,2.4679124552978715e-08,BINARY32_Z,31,3487928170,1340444522,0.9955357142857143,0.995535713316613,0.0038888113751222243,True,256.0000003305184,True,FULL_RAW_INT4,True,True,True,True,0.001709355041384697,0.28125,0.04332377389073372,True,0.001709355041384697,0.28125,True,0.002033189171925187,0.947265625
LLAMA31_8B,6,10,21,V,138,MEDIUM,LOW_Z,LATE,-3.5035741912964657,-3.503574173880501,1.7415964670419726e-08,BINARY32_Z,16,2549177396,2549111860,0.08816964285714286,0.08816964276356219,0.08815472348413526,True,1.0001692397053417,True,FULL_RAW_INT4,False,True,True,True,0.0,0.0,0.0,True,0.0,0.0,True,0.002745307981967926,0.9453125
LLAMA31_8B,6,11,21,V,183,LOW,HIGH_Z,LATE,-2.6076825772212398,-2.6076825772212398,0.0,BINARY32_Z,0,2789666466,2789666467,0.1640625,0.16406250015638962,0.1640625005800276,True,1.0000000025821745,True,FULL_RAW_INT4,False,True,True,True,0.0,0.0,0.0,True,0.0,0.0,True,0.002745307981967926,0.9453125
LLAMA31_8B,7,0,0,K,16,HIGH,LOW_Z,EARLY,-1.2374993426921557,-1.2374993137266563,2.8965499332400668e-08,BINARY32_Z,31,3157472235,1009988587,0.42410714285714285,0.42410714320216886,0.0016566685259945685,True,256.00000033051833,True,FULL_RAW_INT4,True,True,True,True,3.7459249142557383e-06,0.15625,0.026608671993017197,True,3.7459249142557383e-06,0.15625,True,0.0018270551227033138,1.046875
LLAMA31_8B,7,1,1,K,117,MEDIUM,HIGH_Z,EARLY,-0.18530313053749628,-0.18530310260122787,2.7936268409689546e-08,BINARY32_Z,16,3439919004,3439984540,0.8794642857142857,0.8794642849101356,0.8796131251865723,True,1.0001692397053417,True,FULL_RAW_INT4,False,True,True,True,0.0,0.0,0.0,True,0.0,0.0,True,0.0018526548519730568,1.0625
LLAMA31_8B,7,2,1,V,276,LOW,LOW_Z,EARLY,-4.597901593614093,-4.5979015564286545,3.718543872821556e-08,BINARY32_Z,0,2255421127,2255421126,0.041294642857142856,0.041294642907063465,0.0412946428004335,True,1.0000000025821745,True,FULL_RAW_INT4,False,True,True,True,0.0,0.0,0.0,True,0.0,0.0,True,0.0018526548519730568,1.0625
LLAMA31_8B,7,3,3,V,438,HIGH,HIGH_Z,EARLY,-3.449802900660725,-3.4498029174395204,1.6778795242089473e-08,BINARY32_Z,31,2563611508,416127860,0.09151785714285714,0.0915178571073851,0.00035749162886417014,True,256.00000033051833,True,FULL_RAW_INT4,True,True,True,True,1.5198347682598978e-06,0.166015625,0.032010920345783234,True,1.5198347682598978e-06,0.166015625,True,0.001839389093220234,1.046875
LLAMA31_8B,7,4,11,K,301,MEDIUM,LOW_Z,MIDDLE,-1.4586267171813296,-1.4586267678265266,5.0645196925103164e-08,BINARY32_Z,16,3098113786,3098048250,0.3638392857142857,0.36383928597420273,0.36377772034000255,True,1.0001692397053417,True,FULL_RAW_INT4,False,True,True,True,0.0,0.0,0.0,True,0.0,0.0,True,0.0018526548519730568,1.0625
LLAMA31_8B,7,5,11,K,129,LOW,HIGH_Z,MIDDLE,-0.03917062252583773,-0.039170597280677774,2.5245159955555874e-08,BINARY32_Z,0,3479146150,3479146151,0.9732142857142857,0.9732142855958803,0.9732142881088893,True,1.0000000025821745,True,FULL_RAW_INT4,False,True,True,True,0.0,0.0,0.0,True,0.0,0.0,True,0.0018526548519730568,1.0625
LLAMA31_8B,7,6,11,V,31,HIGH,LOW_Z,MIDDLE,-3.9556058806415466,-3.9556058806415466,0.0,BINARY32_Z,31,2427836059,280352411,0.064453125,0.06445312498195405,0.00025177001913570096,True,256.00000033051833,True,FULL_RAW_INT4,True,True,True,True,1.3238641258794814e-06,0.15625,0.022388167679309845,True,1.3238641258794814e-06,0.15625,True,0.0018419171683490276,1.046875
LLAMA31_8B,7,7,11,V,211,MEDIUM,HIGH_Z,MIDDLE,-3.12085438151651,-3.1208543948743857,1.3357875694453014e-08,BINARY32_Z,16,2651912955,2651978491,0.11495535714285714,0.114955357206723,0.1149748122175041,True,1.0001692397053417,True,FULL_RAW_INT4,False,True,True,True,0.0,0.0,0.0,True,0.0,0.0,True,0.0018526548519730568,1.0625
LLAMA31_8B,7,8,21,K,28,LOW,LOW_Z,LATE,-1.4764380439429872,-1.4764380439429872,0.0,BINARY32_Z,0,3093332608,3093332609,0.359375,0.35937500028006686,0.3593750012080358,True,1.0000000025821745,True,FULL_RAW_INT4,False,True,True,True,0.0,0.0,0.0,True,0.0,0.0,True,0.0018526548519730568,1.0625
LLAMA31_8B,7,9,21,K,323,HIGH,HIGH_Z,LATE,-0.025995196025115404,-0.025995208532944573,1.2507829168229012e-08,BINARY32_Z,31,3482682892,1335199244,0.9821428571428571,0.9821428583277861,0.003836495535389664,True,256.00000033051833,True,FULL_RAW_INT4,True,True,True,True,1.6527374100405723e-06,0.19921875,0.03735663741827011,True,1.6527374100405723e-06,0.19921875,True,0.0018422198481857777,1.0625
LLAMA31_8B,7,10,21,V,164,MEDIUM,LOW_Z,LATE,-3.597901593614093,-3.5979015564286545,3.718543828412635e-08,BINARY32_Z,16,2523856582,2523922118,0.08258928571428571,0.08258928561419573,0.08260326300055745,True,1.0001692397053417,True,FULL_RAW_INT4,False,True,True,True,0.0,0.0,0.0,True,0.0,0.0,True,0.0018526548519730568,1.0625
LLAMA31_8B,7,11,21,V,64,LOW,HIGH_Z,LATE,-2.6076825772212398,-2.6076825772212398,0.0,BINARY32_Z,0,2789666466,2789666467,0.1640625,0.16406250015638962,0.1640625005800276,True,1.0000000025821745,True,FULL_RAW_INT4,False,True,True,True,0.0,0.0,0.0,True,0.0,0.0,True,0.0018526548519730568,1.0625
QWEN3_14B,0,0,1,K,50,HIGH,LOW_Z,EARLY,-1.2374993426921557,-1.2374993137266563,2.8965499332400668e-08,BINARY32_Z,31,2620601323,473117675,0.42410714285714285,0.424107143065279,0.0016566685254598426,True,256.00000033051833,True,FULL_RAW_INT4,True,True,True,True,7.456284947693348e-05,0.203125,0.03213828057050705,True,7.456284947693348e-05,0.203125,True,0.004986189305782318,2.12890625
QWEN3_14B,0,1,4,K,79,MEDIUM,HIGH_Z,EARLY,0.14101226496476657,0.1410123095270735,4.4562306927842243e-08,BINARY32_Z,16,2990642719,2990577183,1.1026785714285714,1.1026785716757186,1.102491986256823,True,1.0001692397053417,True,FULL_RAW_INT4,False,True,True,True,0.0,0.0,0.0,True,0.0,0.0,True,0.004060431383550167,2.1171875
QWEN3_14B,0,2,1,V,291,LOW,LOW_Z,EARLY,-5.214897899047153,-5.214897884789524,1.4257628855318671e-08,BINARY32_Z,0,1552926524,1552926525,0.026925223214285716,0.026925223218351585,0.02692522328787721,True,1.0000000025821745,True,FULL_RAW_INT4,False,True,True,True,0.0,0.0,0.0,True,0.0,0.0,True,0.004060431383550167,2.1171875
QWEN3_14B,0,3,3,V,41,HIGH,HIGH_Z,EARLY,-3.356143810225275,-3.356143810225275,0.0,BINARY32_Z,31,2051882021,4199365669,0.09765625,0.09765624989336937,25.000000004979753,True,256.0000003305185,True,FULL_RAW_INT4,True,True,True,True,2.6059624360641465e-06,0.125,0.019228603690862656,True,2.6059624360641465e-06,0.125,True,0.00403499323874712,2.11328125
QWEN3_14B,0,4,15,K,336,MEDIUM,LOW_Z,MIDDLE,-1.6474835660364007,-1.647483585279215,1.9242814230935323e-08,BINARY32_Z,16,2510547008,2510481472,0.31919642857142855,0.31919642861385383,0.31914241704523105,True,1.0001692397053417,True,FULL_RAW_INT4,False,True,True,True,0.0,0.0,0.0,True,0.0,0.0,True,0.004060431383550167,2.1171875
QWEN3_14B,0,5,14,K,253,LOW,HIGH_Z,MIDDLE,0.14101226496476657,0.1410123095270735,4.4562306927842243e-08,BINARY32_Z,0,2990642719,2990642718,1.1026785714285714,1.1026785716757186,1.10267856882841,True,1.0000000025821747,True,FULL_RAW_INT4,False,True,True,True,0.0,0.0,0.0,True,0.0,0.0,True,0.004060431383550167,2.1171875
QWEN3_14B,0,6,14,V,536,HIGH,LOW_Z,MIDDLE,-2.918611649938059,-2.918611673159345,2.322128578313709e-08,BINARY32_Z,31,2169331160,21847512,0.13225446428571427,0.13225446424355172,0.0005166190002843737,True,256.00000033051833,True,FULL_RAW_INT4,True,True,True,True,2.479215254425071e-06,0.125,0.01574115641415119,True,2.479215254425071e-06,0.125,True,0.0040358202531933784,2.12109375
QWEN3_14B,0,7,17,V,346,MEDIUM,HIGH_Z,MIDDLE,-1.918611649938059,-1.9186116731593452,2.32212862272263e-08,BINARY32_Z,16,2437766616,2437701080,0.26450892857142855,0.26450892852979146,0.2644641706914702,True,1.0001692397053417,True,FULL_RAW_INT4,False,True,True,True,0.0,0.0,0.0,True,0.0,0.0,True,0.004060431383550167,2.1171875
QWEN3_14B,0,8,29,K,28,LOW,LOW_Z,LATE,-1.6175303254827598,-1.6175303631775868,3.769482703752658e-08,BINARY32_Z,0,2518587515,2518587514,0.32589285714285715,0.32589285732784296,0.32589285648633076,True,1.0000000025821745,True,FULL_RAW_INT4,False,True,True,True,0.0,0.0,0.0,True,0.0,0.0,True,0.004060431383550167,2.1171875
QWEN3_14B,0,9,27,K,283,HIGH,HIGH_Z,LATE,0.03184891410435936,0.031848866039339875,4.806501948534381e-08,BINARY32_Z,31,2961339380,813855732,1.0223214285714286,1.0223214280728663,0.003993443073253753,True,256.00000033051816,True,FULL_RAW_INT4,True,True,True,True,2.4915738322306424e-05,0.1875,0.0219942107796669,True,2.4915738322306424e-05,0.1875,True,0.004345586523413658,2.15234375
QWEN3_14B,0,10,27,V,134,MEDIUM,LOW_Z,LATE,-0.9431688246431944,-0.9431687774033239,4.7239870459847566e-08,BINARY32_Z,16,2699610075,2699675611,0.5200892857142857,0.520089286353234,0.5201773061108078,True,1.0001692397053417,True,FULL_RAW_INT4,False,True,True,True,0.0,0.0,0.0,True,0.0,0.0,True,0.004060431383550167,2.1171875
QWEN3_14B,0,11,31,V,152,LOW,HIGH_Z,LATE,0.45943161863729726,0.45943161863729726,0.0,BINARY32_Z,0,3076117751,3076117750,1.375,1.3749999988158892,1.3749999952653993,True,1.0000000025821745,True,FULL_RAW_INT4,False,True,True,True,0.0,0.0,0.0,True,0.0,0.0,True,0.004060431383550167,2.1171875
QWEN3_14B,1,0,0,K,414,HIGH,LOW_Z,EARLY,-1.2681961257437793,-1.2681961109495727,1.4794206526502762e-08,BINARY32_Z,31,2612361214,464877566,0.41517857142857145,0.41517857137326675,0.0016217912923329493,True,256.00000033051833,True,FULL_RAW_INT4,True,True,True,True,1.4602471310354304e-05,0.1640625,0.025439631193876266,True,1.4602471310354304e-05,0.1640625,True,0.0005076387897133827,1.65625
QWEN3_14B,1,1,2,K,11,MEDIUM,HIGH_Z,EARLY,0.13515956090990866,0.13515958328163588,2.2371727220749094e-08,BINARY32_Z,16,2989071640,2989006104,1.0982142857142858,1.0982142866358344,1.098028456623379,True,1.0001692397053414,True,FULL_RAW_INT4,False,True,True,True,0.0,0.0,0.0,True,0.0,0.0,True,0.0005215875571593642,1.625
QWEN3_14B,1,2,0,V,3,LOW,LOW_Z,EARLY,-5.381090183353892,-5.381090167355506,1.599838661547892e-08,BINARY32_Z,0,1508314623,1508314622,0.023995535714285716,0.0239955357268249,0.023995535664864242,True,1.0000000025821745,True,FULL_RAW_INT4,False,True,True,True,0.0,0.0,0.0,True,0.0,0.0,True,0.0005215875571593642,1.625
QWEN3_14B,1,3,6,V,305,HIGH,HIGH_Z,EARLY,-3.3397493253352444,-3.3397493719746065,4.663936215010267e-08,BINARY32_Z,31,2056282870,4203766518,0.09877232142857142,0.0987723214465479,25.28571432296231,True,256.00000033051816,True,FULL_RAW_INT4,True,True,True,False,7.931583404541016,17.9375,1.906886100769043,False,7.931583404541016,17.9375,False,7.916879653930664,17.0625
QWEN3_14B,1,4,15,K,46,MEDIUM,LOW_Z,MIDDLE,-1.7629607610063873,-1.7629608026991506,4.169276324184068e-08,BINARY32_Z,16,2479548828,2479614364,0.29464285714285715,0.29464285680808705,0.2946927220783543,True,1.0001692397053417,True,FULL_RAW_INT4,False,True,True,True,0.0,0.0,0.0,True,0.0,0.0,True,0.0005215875571593642,1.625
QWEN3_14B,1,5,14,K,201,LOW,HIGH_Z,MIDDLE,0.18699845005484264,0.1869985148012539,6.474641126019698e-08,BINARY32_Z,0,3002987047,3002987046,1.1383928571428572,1.1383928574579452,1.138392854518416,True,1.0000000025821747,True,FULL_RAW_INT4,False,True,True,True,0.0,0.0,0.0,True,0.0,0.0,True,0.0005215875571593642,1.625
QWEN3_14B,1,6,14,V,155,HIGH,LOW_Z,MIDDLE,-2.9369902730311863,-2.9369902024741994,7.055698691971202e-08,BINARY32_Z,31,2164397711,16914063,0.13058035714285715,0.130580357066193,0.0005100795191312593,True,256.00000033051833,True,FULL_RAW_INT4,True,True,True,True,4.813636405742727e-05,0.22265625,0.03650456666946411,True,4.813636405742727e-05,0.22265625,True,0.0007440227782353759,1.71875
QWEN3_14B,1,7,15,V,94,MEDIUM,HIGH_Z,MIDDLE,-1.9308379052358635,-1.9308379754926044,7.025674086946765e-08,BINARY32_Z,16,2434484643,2434419107,0.2622767857142857,0.2622767857009417,0.2622324055658927,True,1.0001692397053417,True,FULL_RAW_INT4,False,True,True,True,0.0,0.0,0.0,True,0.0,0.0,True,0.0005215875571593642,1.625
QWEN3_14B,1,8,27,K,304,LOW,LOW_Z,LATE,-1.6678036086903347,-1.6678035696588105,3.9031524234900417e-08,BINARY32_Z,0,2505092404,2505092405,0.31473214285714285,0.3147321431196859,0.3147321439323792,True,1.0000000025821745,True,FULL_RAW_INT4,False,True,True,True,0.0,0.0,0.0,True,0.0,0.0,True,0.0005215875571593642,1.625
QWEN3_14B,1,9,27,K,289,HIGH,HIGH_Z,LATE,0.05683117535680559,0.056831222596676084,4.7239870494542036e-08,BINARY32_Z,31,2968045530,820561882,1.0401785714285714,1.0401785701884156,0.004063197534552556,True,256.00000033051833,True,FULL_RAW_INT4,True,True,True,True,1.4542108146997634e-05,0.125,0.021733717992901802,True,1.4542108146997634e-05,0.125,True,0.0005080279661342502,1.625
QWEN3_14B,1,10,27,V,10,MEDIUM,LOW_Z,LATE,-1.006454997458175,-1.0064550221372994,2.4679124521753693e-08,BINARY32_Z,16,2682621803,2682556267,0.49776785714285715,0.49776785770263177,0.4976836298717589,True,1.0001692397053417,True,FULL_RAW_INT4,False,True,True,True,0.0,0.0,0.0,True,0.0,0.0,True,0.0005215875571593642,1.625
QWEN3_14B,1,11,31,V,58,LOW,HIGH_Z,LATE,0.5235619560570128,0.5235619560570128,0.0,BINARY32_Z,0,3093332608,3093332609,1.4375,1.4375000011202674,1.4375000048321431,True,1.0000000025821745,True,FULL_RAW_INT4,False,True,True,True,0.0,0.0,0.0,True,0.0,0.0,True,0.0005215875571593642,1.625
QWEN3_14B,2,0,0,K,250,HIGH,LOW_Z,EARLY,-1.2837929211355525,-1.2837929660005913,4.486503879519432e-08,BINARY32_Z,31,2608174465,460690817,0.4107142857142857,0.4107142855501405,0.0016043526758588772,True,256.00000033051833,True,FULL_RAW_INT4,True,True,True,True,-6.101158334104184e-08,0.125,0.019070608541369438,True,-6.101158334104184e-08,0.125,True,4.695663733400579e-07,1.421875
QWEN3_14B,2,1,0,K,380,MEDIUM,HIGH_Z,EARLY,0.13515956090990866,0.13515958328163588,2.2371727220749094e-08,BINARY32_Z,16,2989071640,2989006104,1.0982142857142858,1.0982142866358344,1.098028456623379,True,1.0001692397053414,True,FULL_RAW_INT4,False,True,True,True,0.0,0.0,0.0,True,0.0,0.0,True,4.93652692057367e-07,1.421875
QWEN3_14B,2,2,0,V,110,LOW,LOW_Z,EARLY,-5.406475518340183,-5.40647548577542,3.256476244217765e-08,BINARY32_Z,0,1501500303,1501500302,0.023577008928571428,0.023577008911923297,0.023577008851043347,True,1.0000000025821745,True,FULL_RAW_INT4,False,True,True,True,0.0,0.0,0.0,True,0.0,0.0,True,4.93652692057367e-07,1.421875
QWEN3_14B,2,3,4,V,324,HIGH,HIGH_Z,EARLY,-3.3895023910797626,-3.3895024071717064,1.6091943777496454e-08,BINARY32_Z,31,2042927391,4190411039,0.09542410714285714,0.095424107083201,24.42857144483887,True,256.00000033051833,True,FULL_RAW_INT4,True,True,True,False,11.833429336547852,25.75,2.2194180488586426,False,11.833429336547852,25.75,False,11.833449363708496,26.25
QWEN3_14B,2,4,15,K,62,MEDIUM,LOW_Z,MIDDLE,-1.5979015936140928,-1.5979015564286543,3.7185438506170954e-08,BINARY32_Z,16,2523856582,2523922118,0.33035714285714285,0.33035714245678294,0.3304130520022298,True,1.0001692397053417,True,FULL_RAW_INT4,False,True,True,True,0.0,0.0,0.0,True,0.0,0.0,True,4.93652692057367e-07,1.421875
QWEN3_14B,2,5,14,K,389,LOW,HIGH_Z,MIDDLE,0.11150838344151145,0.11150831521699033,6.822452112975608e-08,BINARY32_Z,0,2982722801,2982722800,1.0803571428571428,1.0803571435584798,1.080357140768809,True,1.0000000025821747,True,FULL_RAW_INT4,False,True,True,True,0.0,0.0,0.0,True,0.0,0.0,True,4.93652692057367e-07,1.421875
QWEN3_14B,2,6,14,V,26,HIGH,LOW_Z,MIDDLE,-2.980806507499442,-2.980806434766689,7.27327527094701e-08,BINARY32_Z,31,2152635881,5152233,0.12667410714285715,0.1266741071642917,0.0004948207304716578,True,256.00000033051833,True,FULL_RAW_INT4,True,True,True,True,4.916414297895244e-08,0.140625,0.032476939260959625,True,4.916414297895244e-08,0.140625,True,5.184188012208324e-07,1.4765625
QWEN3_14B,2,7,16,V,22,MEDIUM,HIGH_Z,MIDDLE,-1.961864847185208,-1.961864871113229,2.3928020898011937e-08,BINARY32_Z,16,2426155924,2426221460,0.25669642857142855,0.2566964284736896,0.2567398717016068,True,1.0001692397053417,True,FULL_RAW_INT4,False,True,True,True,0.0,0.0,0.0,True,0.0,0.0,True,4.93652692057367e-07,1.421875
QWEN3_14B,2,8,27,K,60,LOW,LOW_Z,LATE,-1.5405683813627027,-1.5405683813627027,0.0,BINARY32_Z,0,2539246839,2539246838,0.34375,0.3437499995930195,0.343749998705397,True,1.0000000025821745,True,FULL_RAW_INT4,False,True,True,True,0.0,0.0,0.0,True,0.0,0.0,True,4.93652692057367e-07,1.421875
QWEN3_14B,2,9,28,K,277,HIGH,HIGH_Z,LATE,0.03184891410435936,0.031848866039339875,4.806501948534381e-08,BINARY32_Z,31,2961339380,813855732,1.0223214285714286,1.0223214280728663,0.003993443073253753,True,256.00000033051816,True,FULL_RAW_INT4,True,True,True,True,-7.021446890576044e-08,0.15625,0.028370002284646034,True,-7.021446890576044e-08,0.15625,True,3.298232797988021e-07,1.375
QWEN3_14B,2,10,27,V,75,MEDIUM,LOW_Z,LATE,-1.0391706225258377,-1.0391705972806777,2.5245159962494768e-08,BINARY32_Z,16,2673839782,2673774246,0.48660714285714285,0.48660714256234555,0.48652480324800246,True,1.0001692397053417,True,FULL_RAW_INT4,False,True,True,True,0.0,0.0,0.0,True,0.0,0.0,True,4.93652692057367e-07,1.421875
QWEN3_14B,2,11,30,V,20,LOW,HIGH_Z,LATE,0.38246967451724023,0.38246963682241314,3.769482709303773e-08,BINARY32_Z,0,3055458427,3055458426,1.3035714285714286,1.303571429732128,1.3035714263660791,True,1.0000000025821745,True,FULL_RAW_INT4,False,True,True,True,0.0,0.0,0.0,True,0.0,0.0,True,4.93652692057367e-07,1.421875
QWEN3_14B,3,0,0,K,586,HIGH,LOW_Z,EARLY,-1.2527660411063244,-1.2527660703799668,2.9273642399019195e-08,BINARY32_Z,31,2616503184,469019536,0.41964285714285715,0.4196428571135746,0.001639229908483514,True,256.000000330518,True,FULL_RAW_INT4,True,True,True,True,0.0007581515237689018,0.1875,0.03854778781533241,True,0.0007581515237689018,0.1875,True,0.06259814649820328,1.578125
QWEN3_14B,3,1,1,K,449,MEDIUM,HIGH_Z,EARLY,0.1468413217553402,0.14684138832927118,6.657393097908582e-08,BINARY32_Z,16,2992207450,2992141914,1.1071428571428572,1.1071428561732448,1.106955515348001,True,1.0001692397053417,True,FULL_RAW_INT4,False,True,True,True,0.0,0.0,0.0,True,0.0,0.0,True,0.07255049794912338,1.609375
QWEN3_14B,3,2,1,V,292,LOW,LOW_Z,EARLY,-5.307509004568627,-5.307509034974399,3.040577212232165e-08,BINARY32_Z,0,1528066408,1528066409,0.025251116071428572,0.025251116096417753,0.02525111616162054,True,1.0000000025821745,True,FULL_RAW_INT4,False,True,True,True,0.0,0.0,0.0,True,0.0,0.0,True,0.07255049794912338,1.609375
QWEN3_14B,3,3,6,V,8,HIGH,HIGH_Z,EARLY,-3.34792333468988,-3.347923303420307,3.1269573153025476e-08,BINARY32_Z,31,2054088697,4201572345,0.09821428571428571,0.09821428573581975,25.142857180831477,True,256.00000033051833,True,FULL_RAW_INT4,True,True,True,True,0.05900640785694122,2.921875,0.41291913390159607,True,0.05900640785694122,2.921875,True,0.036978669464588165,3.0625
QWEN3_14B,3,4,14,K,32,MEDIUM,LOW_Z,MIDDLE,-1.6374299397244754,-1.6374299206152916,1.910918379088855e-08,BINARY32_Z,16,2513245768,2513180232,0.32142857142857145,0.32142857142323494,0.3213741821513432,True,1.0001692397053417,True,FULL_RAW_INT4,False,True,True,True,0.0,0.0,0.0,True,0.0,0.0,True,0.07255049794912338,1.609375
QWEN3_14B,3,5,14,K,433,LOW,HIGH_Z,MIDDLE,0.14101226496476657,0.1410123095270735,4.4562306927842243e-08,BINARY32_Z,0,2990642719,2990642718,1.1026785714285714,1.1026785716757186,1.10267856882841,True,1.0000000025821747,True,FULL_RAW_INT4,False,True,True,True,0.0,0.0,0.0,True,0.0,0.0,True,0.07255049794912338,1.609375
QWEN3_14B,3,6,14,V,128,HIGH,LOW_Z,MIDDLE,-2.9125371587496605,-2.9125371587496605,0.0,BINARY32_Z,31,2170961775,23478127,0.1328125,0.13281249994217123,0.0005187988272292918,True,256.00000033051833,True,FULL_RAW_INT4,True,True,True,True,0.0004257974214851856,0.125,0.016282780095934868,True,0.0004257974214851856,0.125,True,0.06891658157110214,1.625
QWEN3_14B,3,7,18,V,145,MEDIUM,HIGH_Z,MIDDLE,-1.9125371587496607,-1.9125371587496607,0.0,BINARY32_Z,16,2439397231,2439462767,0.265625,0.2656249999272106,0.26566995422392964,True,1.0001692397053414,True,FULL_RAW_INT4,False,True,True,True,0.0,0.0,0.0,True,0.0,0.0,True,0.07255049794912338,1.609375
QWEN3_14B,3,8,27,K,46,LOW,LOW_Z,LATE,-1.6274458889748586,-1.6274458320426695,5.6932189185232573e-08,BINARY32_Z,0,2515925851,2515925850,0.3236607142857143,0.3236607139726913,0.32366071313694283,True,1.0000000025821747,True,FULL_RAW_INT4,False,True,True,True,0.0,0.0,0.0,True,0.0,0.0,True,0.07255049794912338,1.609375
QWEN3_14B,3,9,27,K,351,HIGH,HIGH_Z,LATE,0.044394119358453436,0.044394119358453436,0.0,BINARY32_Z,31,2964706971,817223323,1.03125,1.0312500000441234,0.0040283203074714434,True,256.0000003305184,True,FULL_RAW_INT4,True,True,True,True,0.00041614146903157234,0.125,0.02227502316236496,True,0.00041614146903157234,0.125,True,0.06933729350566864,1.640625
QWEN3_14B,3,10,27,V,87,MEDIUM,LOW_Z,LATE,-0.9369902730311863,-0.9369902024741995,7.055698680868971e-08,BINARY32_Z,16,2701268623,2701334159,0.5223214285714286,0.5223214284333627,0.5224098259580043,True,1.0001692397053414,True,FULL_RAW_INT4,False,True,True,True,0.0,0.0,0.0,True,0.0,0.0,True,0.07255049794912338,1.609375
QWEN3_14B,3,11,29,V,209,LOW,HIGH_Z,LATE,0.4964258087035341,0.4964258261194989,1.741596483695318e-08,BINARY32_Z,0,3086048308,3086048309,1.4107142857142858,1.4107142846723337,1.4107142883150443,True,1.0000000025821747,True,FULL_RAW_INT4,False,True,True,True,0.0,0.0,0.0,True,0.0,0.0,True,0.07255049794912338,1.609375
QWEN3_14B,4,0,0,K,102,HIGH,LOW_Z,EARLY,-1.2299260508010852,-1.2299260940218555,4.322077029605964e-08,BINARY32_Z,31,2622634243,475150595,0.4263392857142857,0.4263392851701032,0.0016653878305455548,True,256.00000033051833,True,FULL_RAW_INT4,True,True,True,True,4.7664856538176537e-05,0.171875,0.0217095036059618,True,4.7664856538176537e-05,0.171875,True,0.0021027512848377228,0.75
QWEN3_14B,4,1,6,K,437,MEDIUM,HIGH_Z,EARLY,0.14101226496476657,0.1410123095270735,4.4562306927842243e-08,BINARY32_Z,16,2990642719,2990577183,1.1026785714285714,1.1026785716757186,1.102491986256823,True,1.0001692397053417,True,FULL_RAW_INT4,False,True,True,True,0.0,0.0,0.0,True,0.0,0.0,True,0.002102036029100418,0.8125
QWEN3_14B,4,2,0,V,15,LOW,LOW_Z,EARLY,-5.252766041106324,-5.252766070379967,2.927364306515301e-08,BINARY32_Z,0,1542761360,1542761361,0.026227678571428572,0.026227678552667315,0.02622767862039176,True,1.0000000025821745,True,FULL_RAW_INT4,False,True,True,True,0.0,0.0,0.0,True,0.0,0.0,True,0.002102036029100418,0.8125
QWEN3_14B,4,3,3,V,17,HIGH,HIGH_Z,EARLY,-3.3075090045686264,-3.3075090349743985,3.040577212232165e-08,BINARY32_Z,31,2064937319,4212420967,0.10100446428571429,0.10100446415746125,25.85714285769391,True,256.00000033051833,True,FULL_RAW_INT4,True,True,True,True,8.48608324304223e-05,0.15625,0.023068338632583618,True,8.48608324304223e-05,0.15625,True,0.002104523591697216,0.8125
QWEN3_14B,4,4,14,K,52,MEDIUM,LOW_Z,MIDDLE,-1.6274458889748586,-1.6274458320426695,5.6932189185232573e-08,BINARY32_Z,16,2515925851,2515860315,0.3236607142857143,0.3236607139726913,0.3236059469975746,True,1.0001692397053417,True,FULL_RAW_INT4,False,True,True,True,0.0,0.0,0.0,True,0.0,0.0,True,0.002102036029100418,0.8125
QWEN3_14B,4,5,15,K,21,LOW,HIGH_Z,MIDDLE,0.1526470763170395,0.15264701001047676,6.630656274042579e-08,BINARY32_Z,0,2993765885,2993765884,1.1116071428571428,1.111607142736133,1.1116071398657694,True,1.0000000025821745,True,FULL_RAW_INT4,False,True,True,True,0.0,0.0,0.0,True,0.0,0.0,True,0.002102036029100418,0.8125
QWEN3_14B,4,6,14,V,431,HIGH,LOW_Z,MIDDLE,-2.876617561939616,-2.876617584494718,2.2555101786281284e-08,BINARY32_Z,31,2180603862,33120214,0.13616071428571427,0.13616071412369057,0.0005318777888589656,True,256.0000003305184,True,FULL_RAW_INT4,True,True,True,True,5.1227707444923e-06,0.140625,0.017363835126161575,True,5.1227707444923e-06,0.140625,True,0.002113187685608864,0.875
QWEN3_14B,4,7,16,V,312,MEDIUM,HIGH_Z,MIDDLE,-1.8589877350352335,-1.8589876904729266,4.456230695559782e-08,BINARY32_Z,16,2453771807,2453706271,0.27566964285714285,0.2756696428299512,0.2756229964752424,True,1.0001692397053414,True,FULL_RAW_INT4,False,True,True,True,0.0,0.0,0.0,True,0.0,0.0,True,0.002102036029100418,0.8125
QWEN3_14B,4,8,27,K,64,LOW,LOW_Z,LATE,-1.6474835660364007,-1.647483585279215,1.9242814230935323e-08,BINARY32_Z,0,2510547008,2510547009,0.31919642857142855,0.31919642861385383,0.3191964294380747,True,1.0000000025821745,True,FULL_RAW_INT4,False,True,True,True,0.0,0.0,0.0,True,0.0,0.0,True,0.002102036029100418,0.8125
QWEN3_14B,4,9,27,K,301,HIGH,HIGH_Z,LATE,0.05683117535680559,0.056831222596676084,4.7239870494542036e-08,BINARY32_Z,31,2968045530,820561882,1.0401785714285714,1.0401785701884156,0.004063197534552556,True,256.00000033051833,True,FULL_RAW_INT4,True,True,True,True,1.626217272132635e-05,0.15625,0.04686964675784111,True,1.626217272132635e-05,0.15625,True,0.002147638238966465,0.875
QWEN3_14B,4,10,27,V,171,MEDIUM,LOW_Z,LATE,-0.894465654335256,-0.8944655858276424,6.850761369303626e-08,BINARY32_Z,16,2712683738,2712749274,0.5379464285714286,0.5379464286263614,0.5380374705214317,True,1.0001692397053414,True,FULL_RAW_INT4,False,True,True,True,0.0,0.0,0.0,True,0.0,0.0,True,0.002102036029100418,0.8125
QWEN3_14B,4,11,32,V,170,LOW,HIGH_Z,LATE,0.6020360626399042,0.6020360140800975,4.855980662021864e-08,BINARY32_Z,0,3114397827,3114397826,1.5178571428571428,1.5178571419051814,1.5178571379858095,True,1.0000000025821745,True,FULL_RAW_INT4,False,True,True,True,0.0,0.0,0.0,True,0.0,0.0,True,0.002102036029100418,0.8125
QWEN3_14B,5,0,0,K,104,HIGH,LOW_Z,EARLY,-1.2527660411063244,-1.2527660703799668,2.9273642399019195e-08,BINARY32_Z,31,2616503184,469019536,0.41964285714285715,0.4196428571135746,0.001639229908483514,True,256.000000330518,True,FULL_RAW_INT4,True,True,True,True,3.053941100006341e-07,0.25,0.02926412597298622,True,3.053941100006341e-07,0.25,True,7.815693970769644e-05,3.15625
QWEN3_14B,5,1,0,K,57,MEDIUM,HIGH_Z,EARLY,0.13515956090990866,0.13515958328163588,2.2371727220749094e-08,BINARY32_Z,16,2989071640,2989006104,1.0982142857142858,1.0982142866358344,1.098028456623379,True,1.0001692397053414,True,FULL_RAW_INT4,False,True,True,True,0.0,0.0,0.0,True,0.0,0.0,True,9.679376671556383e-05,3.21875
QWEN3_14B,5,2,0,V,506,LOW,LOW_Z,EARLY,-5.222392407004561,-5.222392421336448,1.433188678845454e-08,BINARY32_Z,0,1550914725,1550914724,0.026785714285714284,0.026785714312930448,0.02678571424376506,True,1.0000000025821745,True,FULL_RAW_INT4,False,True,True,True,0.0,0.0,0.0,True,0.0,0.0,True,9.679376671556383e-05,3.21875
QWEN3_14B,5,3,7,V,12,HIGH,HIGH_Z,EARLY,-3.3155018715899702,-3.3155018257279294,4.5862040831678996e-08,BINARY32_Z,31,2062791771,4210275419,0.10044642857142858,0.10044642855544887,25.714285743394313,True,256.0000003305185,True,FULL_RAW_INT4,True,True,True,True,3.943915771742468e-08,0.28125,0.07516895234584808,True,3.943915771742468e-08,0.28125,True,9.270447480957955e-05,3.34375
QWEN3_14B,5,4,14,K,284,MEDIUM,LOW_Z,MIDDLE,-1.6988305250994888,-1.698830465279435,5.982005379934208e-08,BINARY32_Z,16,2496763685,2496698149,0.3080357142857143,0.30803571444105665,0.30798359138879994,True,1.0001692397053417,True,FULL_RAW_INT4,False,True,True,True,0.0,0.0,0.0,True,0.0,0.0,True,9.679376671556383e-05,3.21875
QWEN3_14B,5,5,15,K,337,LOW,HIGH_Z,MIDDLE,0.1584294066320409,0.15842936260448298,4.402755790500201e-08,BINARY32_Z,0,2995318073,2995318072,1.1160714285714286,1.116071427138778,1.1160714242568868,True,1.0000000025821745,True,FULL_RAW_INT4,False,True,True,True,0.0,0.0,0.0,True,0.0,0.0,True,9.679376671556383e-05,3.21875
QWEN3_14B,5,6,14,V,441,HIGH,LOW_Z,MIDDLE,-2.9369902730311863,-2.9369902024741994,7.055698691971202e-08,BINARY32_Z,31,2164397711,16914063,0.13058035714285715,0.130580357066193,0.0005100795191312593,True,256.00000033051833,True,FULL_RAW_INT4,True,True,True,True,8.629973535789759e-08,0.3125,0.07384387403726578,True,8.629973535789759e-08,0.3125,True,9.607651736587286e-05,3.40625
QWEN3_14B,5,7,16,V,56,MEDIUM,HIGH_Z,MIDDLE,-1.9556058806415466,-1.9556058806415466,0.0,BINARY32_Z,16,2427836059,2427770523,0.2578125,0.2578124999278162,0.2577688751993312,True,1.0001692397053417,True,FULL_RAW_INT4,False,True,True,True,0.0,0.0,0.0,True,0.0,0.0,True,9.679376671556383e-05,3.21875
QWEN3_14B,5,8,27,K,228,LOW,LOW_Z,LATE,-1.6678036086903347,-1.6678035696588105,3.9031524234900417e-08,BINARY32_Z,0,2505092404,2505092405,0.31473214285714285,0.3147321431196859,0.3147321439323792,True,1.0000000025821745,True,FULL_RAW_INT4,False,True,True,True,0.0,0.0,0.0,True,0.0,0.0,True,9.679376671556383e-05,3.21875
QWEN3_14B,5,9,27,K,267,HIGH,HIGH_Z,LATE,0.038135152814791906,0.03813512888677098,2.3928020925767512e-08,BINARY32_Z,31,2963026836,815543188,1.0267857142857142,1.026785714226176,0.004010881691017604,True,256.0000003305182,True,FULL_RAW_INT4,True,True,True,True,4.161995548201958e-08,0.21875,0.04456917941570282,True,4.161995548201958e-08,0.21875,True,9.260054503101856e-05,3.25
QWEN3_14B,5,10,27,V,124,MEDIUM,LOW_Z,LATE,-0.9308379052358636,-0.9308379754926045,7.025674086946765e-08,BINARY32_Z,16,2702920099,2702854563,0.5245535714285714,0.5245535714865389,0.5244648112164266,True,1.0001692397053417,True,FULL_RAW_INT4,False,True,True,True,0.0,0.0,0.0,True,0.0,0.0,True,9.679376671556383e-05,3.21875
QWEN3_14B,5,11,30,V,149,LOW,HIGH_Z,LATE,0.5235619560570128,0.5235619560570128,0.0,BINARY32_Z,0,3093332608,3093332609,1.4375,1.4375000011202674,1.4375000048321431,True,1.0000000025821745,True,FULL_RAW_INT4,False,True,True,True,0.0,0.0,0.0,True,0.0,0.0,True,9.679376671556383e-05,3.21875
QWEN3_14B,6,0,0,K,160,HIGH,LOW_Z,EARLY,-1.2374993426921557,-1.2374993137266563,2.8965499332400668e-08,BINARY32_Z,31,2620601323,473117675,0.42410714285714285,0.424107143065279,0.0016566685254598426,True,256.00000033051833,True,FULL_RAW_INT4,True,True,True,True,-3.19014752392377e-08,0.15625,0.01761389710009098,True,-3.19014752392377e-08,0.15625,True,4.882770099357003e-07,1.53125
QWEN3_14B,6,1,2,K,147,MEDIUM,HIGH_Z,EARLY,0.12338243806038375,0.12338241550528205,2.2555101703014557e-08,BINARY32_Z,16,2985910230,2985844694,1.0892857142857142,1.0892857135169105,1.0891013943178491,True,1.0001692397053414,True,FULL_RAW_INT4,False,True,True,True,0.0,0.0,0.0,True,0.0,0.0,True,6.544360644511471e-07,1.53125
QWEN3_14B,6,2,0,V,469,LOW,LOW_Z,EARLY,-5.229926050801085,-5.229926094021855,4.3220770074015036e-08,BINARY32_Z,0,1548892420,1548892421,0.026646205357142856,0.026646205374735315,0.026646205443540467,True,1.0000000025821745,True,FULL_RAW_INT4,False,True,True,True,0.0,0.0,0.0,True,0.0,0.0,True,6.544360644511471e-07,1.53125
QWEN3_14B,6,3,7,V,67,HIGH,HIGH_Z,EARLY,-3.3397493253352444,-3.3397493719746065,4.663936215010267e-08,BINARY32_Z,31,2056282870,4203766518,0.09877232142857142,0.0987723214465479,25.28571432296231,True,256.00000033051816,True,FULL_RAW_INT4,True,True,True,True,-9.63528279385173e-08,0.53125,0.11726688593626022,True,-9.63528279385173e-08,0.53125,True,6.049957050890953e-07,1.515625
QWEN3_14B,6,4,15,K,234,MEDIUM,LOW_Z,MIDDLE,-1.4944720186925404,-1.4944719667732487,5.191929175474286e-08,BINARY32_Z,16,2551620752,2551686288,0.3549107142857143,0.3549107147201896,0.35497077970497143,True,1.0001692397053417,True,FULL_RAW_INT4,False,True,True,True,0.0,0.0,0.0,True,0.0,0.0,True,6.544360644511471e-07,1.53125
QWEN3_14B,6,5,14,K,59,LOW,HIGH_Z,MIDDLE,0.081388350061941,0.08138832684065486,2.3221286143959574e-08,BINARY32_Z,0,2974637528,2974637529,1.0580357142857142,1.05803571446067,1.0580357171927028,True,1.0000000025821745,True,FULL_RAW_INT4,False,True,True,True,0.0,0.0,0.0,True,0.0,0.0,True,6.544360644511471e-07,1.53125
QWEN3_14B,6,6,14,V,156,HIGH,LOW_Z,MIDDLE,-2.9681510858956406,-2.96815113396066,4.806501952003828e-08,BINARY32_Z,31,2156033012,8549364,0.12779017857142858,0.1277901784472377,0.0004991803839150368,True,256.00000033051833,True,FULL_RAW_INT4,True,True,True,True,-5.243089873374629e-08,0.25,0.020348792895674706,True,-5.243089873374629e-08,0.25,True,9.059411922862637e-07,1.53125
QWEN3_14B,6,7,17,V,407,MEDIUM,HIGH_Z,MIDDLE,-2.006454997458175,-2.0064550221372994,2.4679124521753693e-08,BINARY32_Z,16,2414186347,2414120811,0.24888392857142858,0.2488839288111495,0.24884181489571988,True,1.0001692397053417,True,FULL_RAW_INT4,False,True,True,True,0.0,0.0,0.0,True,0.0,0.0,True,6.544360644511471e-07,1.53125
QWEN3_14B,6,8,29,K,170,LOW,LOW_Z,LATE,-1.5499670433947252,-1.5499670793649523,3.5970227019177514e-08,BINARY32_Z,0,2536723896,2536723897,0.34151785714285715,0.34151785742941393,0.3415178583112726,True,1.0000000025821745,True,FULL_RAW_INT4,False,True,True,True,0.0,0.0,0.0,True,0.0,0.0,True,6.544360644511471e-07,1.53125
QWEN3_14B,6,9,27,K,177,HIGH,HIGH_Z,LATE,-0.006454997458174798,-0.006455022137299351,2.4679124552978715e-08,BINARY32_Z,31,2951057259,803573611,0.9955357142857143,0.995535715565929,0.0038888113839086152,True,256.0000003305184,True,FULL_RAW_INT4,True,True,True,True,-3.556390026915324e-08,0.25,0.038496389985084534,True,-3.556390026915324e-08,0.25,True,9.895292123474064e-07,1.578125
QWEN3_14B,6,10,28,V,28,MEDIUM,LOW_Z,LATE,-0.9681510858956407,-0.9681511339606601,4.8065019409015974e-08,BINARY32_Z,16,2692903924,2692969460,0.5111607142857143,0.511160713953939,0.5112472226425507,True,1.0001692397053414,True,FULL_RAW_INT4,False,True,True,True,0.0,0.0,0.0,True,0.0,0.0,True,6.544360644511471e-07,1.53125
QWEN3_14B,6,11,28,V,133,LOW,HIGH_Z,LATE,0.45943161863729726,0.45943161863729726,0.0,BINARY32_Z,0,3076117751,3076117750,1.375,1.3749999988158892,1.3749999952653993,True,1.0000000025821745,True,FULL_RAW_INT4,False,True,True,True,0.0,0.0,0.0,True,0.0,0.0,True,6.544360644511471e-07,1.53125
QWEN3_14B,7,0,0,K,236,HIGH,LOW_Z,EARLY,-1.2604605063152474,-1.2604604621699673,4.414528009810681e-08,BINARY32_Z,31,2614437736,466954088,0.4174107142857143,0.4174107137913011,0.0016305105986421386,True,256.00000033051833,True,FULL_RAW_INT4,True,True,True,True,1.2780710676452145e-06,0.1953125,0.028037207201123238,True,1.2780710676452145e-06,0.1953125,True,2.253207640023902e-05,1.625
QWEN3_14B,7,1,4,K,103,MEDIUM,HIGH_Z,EARLY,0.12928301694496647,0.12928301694496647,0.0,BINARY32_Z,16,2987494161,2987428625,1.09375,1.0937500002510823,1.0935649256452942,True,1.0001692397053417,True,FULL_RAW_INT4,False,True,True,True,0.0,0.0,0.0,True,0.0,0.0,True,1.5847181202843785e-05,1.59375
QWEN3_14B,7,2,0,V,63,LOW,LOW_Z,EARLY,-5.381090183353892,-5.381090167355506,1.599838661547892e-08,BINARY32_Z,0,1508314623,1508314622,0.023995535714285716,0.0239955357268249,0.023995535664864242,True,1.0000000025821745,True,FULL_RAW_INT4,False,True,True,True,0.0,0.0,0.0,True,0.0,0.0,True,1.5847181202843785e-05,1.59375
QWEN3_14B,7,3,6,V,190,HIGH,HIGH_Z,EARLY,-3.3895023910797626,-3.3895024071717064,1.6091943777496454e-08,BINARY32_Z,31,2042927391,4190411039,0.09542410714285714,0.095424107083201,24.42857144483887,True,256.00000033051833,True,FULL_RAW_INT4,True,True,True,True,2.6070141757372767e-05,1.25,0.2191953957080841,True,2.6070141757372767e-05,1.25,True,5.071121449873317e-06,2.0
QWEN3_14B,7,4,15,K,248,MEDIUM,LOW_Z,MIDDLE,-1.6884138097409689,-1.6884138493340966,3.959312766532719e-08,BINARY32_Z,16,2499559874,2499625410,0.31026785714285715,0.31026785725877587,0.3103203668995153,True,1.0001692397053417,True,FULL_RAW_INT4,False,True,True,True,0.0,0.0,0.0,True,0.0,0.0,True,1.5847181202843785e-05,1.59375
QWEN3_14B,7,5,14,K,173,LOW,HIGH_Z,MIDDLE,0.16992500144231237,0.16992500144231237,0.0,BINARY32_Z,0,2998403911,2998403910,1.125,1.1250000013076684,1.1249999984027221,True,1.0000000025821745,True,FULL_RAW_INT4,False,True,True,True,0.0,0.0,0.0,True,0.0,0.0,True,1.5847181202843785e-05,1.59375
QWEN3_14B,7,6,14,V,248,HIGH,LOW_Z,MIDDLE,-2.9871760083454686,-2.9871759596424163,4.870305225779248e-08,BINARY32_Z,31,2150926075,3442427,0.12611607142857142,0.12611607155220625,0.0004926409038647632,True,256.0000003305184,True,FULL_RAW_INT4,True,True,True,True,1.1257598089287058e-06,0.1875,0.02163170836865902,True,1.1257598089287058e-06,0.1875,True,1.1575823009479791e-05,1.59375
QWEN3_14B,7,7,14,V,214,MEDIUM,HIGH_Z,MIDDLE,-2.0,-2.0,0.0,BINARY32_Z,16,2415919103,2415853567,0.25,0.24999999971757467,0.24995769695059486,True,1.0001692397053417,True,FULL_RAW_INT4,False,True,True,True,0.0,0.0,0.0,True,0.0,0.0,True,1.5847181202843785e-05,1.59375
QWEN3_14B,7,8,27,K,140,LOW,LOW_Z,LATE,-1.6374299397244754,-1.6374299206152916,1.910918379088855e-08,BINARY32_Z,0,2513245768,2513245769,0.32142857142857145,0.32142857142323494,0.3214285722532196,True,1.0000000025821745,True,FULL_RAW_INT4,False,True,True,True,0.0,0.0,0.0,True,0.0,0.0,True,1.5847181202843785e-05,1.59375
QWEN3_14B,7,9,27,K,97,HIGH,HIGH_Z,LATE,0.050626049348222874,0.05062607306996814,2.3721745269489336e-08,BINARY32_Z,31,2966379848,818896200,1.0357142857142858,1.035714284860186,0.004045758920011674,True,256.00000033051833,True,FULL_RAW_INT4,True,True,True,True,1.1342908692313358e-06,0.1875,0.02101927623152733,True,1.1342908692313358e-06,0.1875,True,1.1583493687794544e-05,1.59375
QWEN3_14B,7,10,28,V,96,MEDIUM,LOW_Z,LATE,-1.0794344285549373,-1.079434467494405,3.893946765032297e-08,BINARY32_Z,16,2663031532,2663097068,0.4732142857142857,0.4732142858658198,0.4732943725121232,True,1.0001692397053417,True,FULL_RAW_INT4,False,True,True,True,0.0,0.0,0.0,True,0.0,0.0,True,1.5847181202843785e-05,1.59375
QWEN3_14B,7,11,30,V,36,LOW,HIGH_Z,LATE,0.478047349722382,0.4780472968046442,5.291773780280451e-08,BINARY32_Z,0,3081114859,3081114858,1.3928571428571428,1.3928571414546707,1.3928571378580705,True,1.0000000025821745,True,FULL_RAW_INT4,False,True,True,True,0.0,0.0,0.0,True,0.0,0.0,True,1.5847181202843785e-05,1.59375
