rep,bc,bf,groups,values,block,fp32_ms,identity_ms,mapped_ms,codec_percent,mapping_percent,total_percent
REP_0008,14,18,1048576,33554432,1,0.16586198806762695,0.24317381858825682,0.5387738800048828,46.61214508601421,121.55916419486653,224.8326432607382
REP_0008,14,18,1048576,33554432,2,0.16555839538574219,0.2430810737609863,0.5383523941040039,46.82497567980195,121.4703044439191,225.17372063776753
REP_0008,14,18,1048576,33554432,3,0.1666586685180664,0.2431148338317871,0.5384835243225098,45.875900721859296,121.49348759816539,223.10562007408348
REP_0008,14,18,1048576,33554432,4,0.16553865432739256,0.24309610366821288,0.5387966728210449,46.85156446145309,121.63937006428363,225.48088240191
REP_0008,14,18,1048576,33554432,5,0.16570490837097168,0.24311100006103514,0.5384762382507324,46.71321595179949,121.49398345428355,224.96094626552602
REP_0008,14,18,1048576,33554432,6,0.1654632568359375,0.24304235458374024,0.5384401512145995,46.88599706744869,121.54169471275429,225.4137271989524
REP_0008,14,18,1048576,33554432,7,0.16569533348083498,0.24296806335449217,0.5382056427001953,46.6354291640898,121.51291625309182,224.81641540161203
REP_0008,14,18,1048576,33554432,8,0.16550930976867675,0.2431794261932373,0.5386553382873536,46.92794413384709,121.50530853680141,225.45319598045722
REP_0008,14,18,1048576,33554432,9,0.1656914043426514,0.24324316024780274,0.5385634040832519,46.804936087555625,121.40947500213085,225.04003826867063
REP_0008,14,18,1048576,33554432,10,0.1654791259765625,0.24314126014709472,0.5386988258361817,46.931680181542546,121.55796408650738,225.53883920832396
REP_0008,14,18,1048576,33554432,11,0.1657281494140625,0.2431418704986572,0.5385008811950683,46.71126863981379,121.47599674653415,224.93024455951297
REP_0008,14,18,1048576,33554432,12,0.1655470561981201,0.24342619895935058,0.5385098838806153,47.04350808148943,121.22100504495835,225.29112643123543
REP_0008,14,18,1048576,33554432,13,0.1657230281829834,0.24331199645996093,0.5401726722717285,46.818459165076035,122.00823639233036,225.94907189077898
REP_0008,14,18,1048576,33554432,14,0.16567691802978515,0.2431335735321045,0.5388164901733399,46.751627458686976,121.61336352924211,225.22121764509905
REP_0008,14,18,1048576,33554432,15,0.16569675445556642,0.24318108558654786,0.5384869194030761,46.762733154052086,121.43454048009391,224.98338375570168
REP_0008,14,18,4194304,134217728,1,0.8301621627807617,1.0446677017211914,2.200711212158203,25.83899249538293,110.66136231955079,165.09413591997094
REP_0008,14,18,4194304,134217728,2,0.8302540969848633,1.0447103881835937,2.2008016967773436,25.830199691581935,110.66141599336548,165.07568041756588
REP_0008,14,18,4194304,134217728,3,0.8304763793945313,1.0451725006103516,2.2008063507080076,25.85216467834366,110.56871946236609,165.00529157885643
REP_0008,14,18,4194304,134217728,4,0.8301871871948242,1.0444094848632812,2.2008048248291017,25.804095868102618,110.72240885644567,165.0974212533381
REP_0008,14,18,4194304,134217728,5,0.8302391815185547,1.0447035217285157,2.2007244873046874,25.83163321895907,110.65541003092206,165.07114290600416
REP_0008,14,18,4194304,134217728,6,0.8301291656494141,1.0443941116333009,2.200400161743164,25.81103698678824,110.6867644343585,165.06720312877817
REP_0008,14,18,4194304,134217728,7,0.8301637268066406,1.0443601608276367,2.199954681396484,25.801709603108947,110.6509577742854,165.00250617537415
REP_0008,14,18,4194304,134217728,8,0.8301271057128906,1.0446675491333008,2.200444107055664,25.84428841606958,110.63582465840378,165.07315469068828
REP_0008,14,18,4194304,134217728,9,0.8303396987915039,1.0446935272216797,2.2003746795654298,25.815196929901262,110.62394111096268,164.99692629027703
REP_0008,14,18,4194304,134217728,10,0.8309074783325194,1.0450790786743163,2.2005010223388672,25.775625557204073,110.55832685218468,164.8310527611177
REP_0008,14,18,4194304,134217728,11,0.8306392288208008,1.0446881866455078,2.201820526123047,25.7691847914018,110.76341766561843,165.07543223654565
REP_0008,14,18,4194304,134217728,12,0.8302924346923828,1.04488224029541,2.200740966796875,25.84508742182281,110.62095630744757,165.05612659378662
REP_0008,14,18,4194304,134217728,13,0.8303596496582031,1.044950828552246,2.200347442626953,25.843160729495217,110.56947202726097,164.9872791305155
REP_0008,14,18,4194304,134217728,14,0.8302937698364258,1.0446554183959962,2.201885223388672,25.817566787451774,110.77622195934525,165.19351383576685
REP_0008,14,18,4194304,134217728,15,0.8304587936401367,1.0447924041748047,2.2006202697753907,25.809060265974537,110.62751422982244,164.9884963141214
REP_0025,19,13,1048576,33554432,1,0.16588770866394043,0.24317350387573242,0.5383296012878418,46.589223417606874,121.37675063601559,224.5144595844673
REP_0025,19,13,1048576,33554432,2,0.1655501079559326,0.24305471420288086,0.5382013702392578,46.81640332580093,121.43218740041158,225.09877334693152
REP_0025,19,13,1048576,33554432,3,0.1657311153411865,0.24307610511779787,0.5391422653198242,46.668961116555074,121.79977956226868,225.3114324427887
REP_0025,19,13,1048576,33554432,4,0.1655245304107666,0.2432297134399414,0.5384527969360351,46.94481406250857,121.37624113469614,225.30090591394983
REP_0025,19,13,1048576,33554432,5,0.16572510719299316,0.24314191818237305,0.5382085609436036,46.713990596020594,121.35572712719589,224.7598206811472
REP_0025,19,13,1048576,33554432,6,0.1654815196990967,0.24297672271728515,0.538278751373291,46.83012529683186,121.53511058736419,225.28028045190186
REP_0025,19,13,1048576,33554432,7,0.1657909107208252,0.24301072120666506,0.5382696151733399,46.57662482828753,121.50035706267302,224.66774736507148
REP_0025,19,13,1048576,33554432,8,0.16557552337646483,0.2429445171356201,0.5381969833374023,46.72731342255423,121.53082098039776,225.04622202746575
REP_0025,19,13,1048576,33554432,9,0.16571551322937011,0.24294212341308594,0.5382072067260742,46.60191956610902,121.53721189426471,224.77780519023045
REP_0025,19,13,1048576,33554432,10,0.16552890777587892,0.2431147289276123,0.5382355499267578,46.87146323516023,121.39158425362955,225.1610592728083
REP_0025,19,13,1048576,33554432,11,0.16571011543273928,0.24305392265319825,0.5380668830871582,46.674161694041146,121.37757630634893,224.70370422592353
REP_0025,19,13,1048576,33554432,12,0.16553071975708006,0.24302671432495115,0.5382418060302734,46.816684348136796,121.4743377185234,225.16127932033098
REP_0025,19,13,1048576,33554432,13,0.165650110244751,0.24298192024230958,0.5383293533325195,46.683826460060594,121.55119722310195,224.97977365492142
REP_0025,19,13,1048576,33554432,14,0.16549331665039063,0.24300950050354003,0.5381251335144044,46.839464832833436,121.44201457118146,225.16426911136787
REP_0025,19,13,1048576,33554432,15,0.1657439136505127,0.2429363250732422,0.5381550025939941,46.57330077621871,121.52101067296014,224.69065725619748
REP_0025,19,13,4194304,134217728,1,0.8391267013549805,1.0541186141967773,2.202611312866211,25.620911895025934,108.95289042443936,162.48852638219503
REP_0025,19,13,4194304,134217728,2,0.8390695190429687,1.0542331314086915,2.203016891479492,25.643121038544624,108.96866412609971,162.5547516005853
REP_0025,19,13,4194304,134217728,3,0.839283218383789,1.054705696105957,2.203246841430664,25.667435378608893,108.89683724712933,162.51529795549408
REP_0025,19,13,4194304,134217728,4,0.8388436508178712,1.0541374588012695,2.2027083587646485,25.66554658588489,108.95836120552022,162.58866674582464
REP_0025,19,13,4194304,134217728,5,0.8389662170410156,1.0543453216552734,2.2036139678955076,25.671963928879894,109.00305835624478,162.6582481077157
REP_0025,19,13,4194304,134217728,6,0.8388040161132813,1.054041748046875,2.2026233673095703,25.660074081539165,108.96927198481481,162.5909419837713
REP_0025,19,13,4194304,134217728,7,0.8390017318725586,1.054270935058594,2.20353759765625,25.657778167582368,109.01056117361168,162.63802730635598
REP_0025,19,13,4194304,134217728,8,0.8392734909057618,1.0544901275634766,2.2029833984375,25.64320677225829,108.91455888048492,162.48695119155897
REP_0025,19,13,4194304,134217728,9,0.8392523193359376,1.054245948791504,2.2036209869384766,25.61728153765259,109.02342470127739,162.5695438866469
REP_0025,19,13,4194304,134217728,10,0.8390253448486329,1.0538914871215819,2.202829818725586,25.609016889914415,109.01865568171698,162.54627851831992
REP_0025,19,13,4194304,134217728,11,0.839076919555664,1.054158935546875,2.20338623046875,25.633170330213396,109.01840853112729,162.59645321141244
REP_0025,19,13,4194304,134217728,12,0.8389887237548828,1.0540899658203124,2.202339096069336,25.638156506174113,108.93274459314624,162.4992486445821
REP_0025,19,13,4194304,134217728,13,0.8391539764404297,1.054139404296875,2.2026029968261716,25.619306336172375,108.94798048986102,162.4790036948042
REP_0025,19,13,4194304,134217728,14,0.839083595275879,1.053864974975586,2.2027210998535156,25.597137270821023,109.01359777181554,162.51509530814886
REP_0025,19,13,4194304,134217728,15,0.838773536682129,1.0540141677856445,2.2025170135498047,25.661352163651486,108.96464970456941,162.5878043627997
REP_0026,22,10,1048576,33554432,1,0.16569793701171875,0.24309694290161132,0.5220393943786621,46.710904967041714,114.74535555551894,215.05485451019322
REP_0026,22,10,1048576,33554432,2,0.16543394088745117,0.24301315307617188,0.5218116760253906,46.89437474109366,114.72569258908796,215.41996353722362
REP_0026,22,10,1048576,33554432,3,0.16556973457336427,0.24299235343933107,0.521776065826416,46.761335376581584,114.72941779490608,215.1397610021631
REP_0026,22,10,1048576,33554432,4,0.16544093132019044,0.24305655479431154,0.5216742515563965,46.91440192868939,114.63080968866169,215.32357040880078
REP_0026,22,10,1048576,33554432,5,0.1656123447418213,0.2430987739562988,0.5219402885437012,46.78783416494328,114.70297033975538,215.1578400495275
REP_0026,22,10,1048576,33554432,6,0.16549973487854003,0.24310295104980467,0.5219094657897949,46.89023594401376,114.68660233699546,215.35365671299917
REP_0026,22,10,1048576,33554432,7,0.1656023406982422,0.24305376052856448,0.5217138862609864,46.769519986105124,114.64958416048567,215.0401643245156
REP_0026,22,10,1048576,33554432,8,0.1655069351196289,0.24299015998840334,0.5216432762145996,46.81569676386632,114.67670799488134,215.17910463241572
REP_0026,22,10,1048576,33554432,9,0.1656407356262207,0.24305596351623537,0.5217214775085449,46.736829317582405,114.65076189076741,214.9717221045456
REP_0026,22,10,1048576,33554432,10,0.16541833877563478,0.24288956642150877,0.5216866683959961,46.83351810886707,114.78348209106062,215.37414307103276
REP_0026,22,10,1048576,33554432,11,0.16572935104370118,0.24328816413879395,0.5218084716796876,46.798477521728344,114.48165122492355,214.85579856165123
REP_0026,22,10,1048576,33554432,12,0.16545833587646486,0.24311516761779783,0.5218438911437988,46.93437252947681,114.64884164043245,215.39292860615973
REP_0026,22,10,1048576,33554432,13,0.16570054054260253,0.24306796073913572,0.5220590782165527,46.69110911961183,114.7790587574948,215.06178344803195
REP_0026,22,10,1048576,33554432,14,0.16556592941284182,0.2431809616088867,0.5220218849182129,46.878625615364555,114.6639611359841,215.29547580803376
REP_0026,22,10,1048576,33554432,15,0.16576793670654297,0.24313236236572267,0.5219424819946289,46.67031948170835,114.67421157596314,214.86335196330367
REP_0026,22,10,4194304,134217728,1,0.8494235610961914,1.052173843383789,2.1825107574462894,23.869161578935483,107.4287220852534,156.94021892090356
REP_0026,22,10,4194304,134217728,2,0.8493925857543945,1.0522383117675782,2.1823928070068357,23.88126873429497,107.40480389283617,156.93570247832182
REP_0026,22,10,4194304,134217728,3,0.8493945693969727,1.052174072265625,2.1825407409667967,23.873416451510355,107.43152663581381,156.95251884130724
REP_0026,22,10,4194304,134217728,4,0.8495731353759766,1.0522702407836915,2.1827564239501953,23.858699971487663,107.4330660842941,156.92389896300355
REP_0026,22,10,4194304,134217728,5,0.849566764831543,1.0523413467407225,2.1835594177246094,23.86799840850493,107.4953554269685,157.020343557999
REP_0026,22,10,4194304,134217728,6,0.8497271347045898,1.0531534576416015,2.183902359008789,23.940193813833368,107.36791425433393,157.01219483452525
REP_0026,22,10,4194304,134217728,7,0.849860610961914,1.0526510620117187,2.1837641143798825,23.861613120329995,107.45375112304517,156.95556261963839
REP_0026,22,10,4194304,134217728,8,0.8498781585693359,1.0527997207641602,2.184097900390625,23.876547496692634,107.45616258383195,156.9895317779765
REP_0026,22,10,4194304,134217728,9,0.849850959777832,1.0533075332641602,2.1844202423095704,23.940265189500497,107.38674825007041,157.03568574901902
REP_0026,22,10,4194304,134217728,10,0.8497147750854492,1.0532158279418944,2.183990707397461,23.9493367449072,107.3640225921435,157.02633065052143
REP_0026,22,10,4194304,134217728,11,0.8500349807739258,1.052877197265625,2.1837200164794925,23.86280812902768,107.40500622016728,156.89766490448372
REP_0026,22,10,4194304,134217728,12,0.8508448028564453,1.0531309509277345,2.1837427520751955,23.774740985920893,107.35719049482606,156.65582545065354
REP_0026,22,10,4194304,134217728,13,0.8496039581298829,1.0524413299560547,2.183284454345703,23.874344026439086,107.44951687110836,156.97672821010258
REP_0026,22,10,4194304,134217728,14,0.8496859741210937,1.0523837280273436,2.1835106658935546,23.85560784570069,107.48236672059429,156.97854647443785
REP_0026,22,10,4194304,134217728,15,0.8495285797119141,1.0525553131103516,2.1829741668701175,23.898752584319926,107.39757233463804,156.96300501277918
REP_0027,26,6,1048576,33554432,1,0.16584035873413086,0.2407447624206543,0.5140768241882324,45.16657118826388,113.53603668020153,209.98294269996208
REP_0027,26,6,1048576,33554432,2,0.16557476043701172,0.2406881618499756,0.5141960525512695,45.3652484320149,113.63578856519555,210.5521947874906
REP_0027,26,6,1048576,33554432,3,0.16581296920776367,0.240645751953125,0.5138990402221679,45.130838138237436,113.55001534465879,209.92692711403797
REP_0027,26,6,1048576,33554432,4,0.16557555198669432,0.24078816413879395,0.5141560554504394,45.424950271730765,113.53045208404518,210.52655375822457
REP_0027,26,6,1048576,33554432,5,0.1658137607574463,0.24061476707458496,0.513917236328125,45.11145876882809,113.58507733185914,209.9364214287904
REP_0027,26,6,1048576,33554432,6,0.16556955337524415,0.24056355476379393,0.5139614295959473,45.294560418716955,113.64891706085696,210.42025488292126
REP_0027,26,6,1048576,33554432,7,0.16573415756225585,0.2405875587463379,0.5139586448669433,45.16473989736507,113.62644333942167,210.11027082566343
REP_0027,26,6,1048576,33554432,8,0.16549875259399416,0.24041295051574707,0.5138104438781739,45.265717564370036,113.71995259653005,210.46182271758082
REP_0027,26,6,1048576,33554432,9,0.16578255653381346,0.24048175811767578,0.5138114547729492,45.05854122754251,113.65922255172637,209.9309514316428
REP_0027,26,6,1048576,33554432,10,0.1655585479736328,0.24058615684509277,0.5142612457275391,45.3178708014575,113.75346465119299,210.62198359545974
REP_0027,26,6,1048576,33554432,11,0.1657031536102295,0.24046855926513672,0.5138312339782715,45.12008614559746,113.67917516889578,210.09140308030365
REP_0027,26,6,1048576,33554432,12,0.16554875373840333,0.24044655799865722,0.513645248413086,45.24214321697995,113.62137711114771,210.268266485858
REP_0027,26,6,1048576,33554432,13,0.1657295608520508,0.24046635627746582,0.5136054420471192,45.095633537660596,113.58723523655327,209.90575212205042
REP_0027,26,6,1048576,33554432,14,0.16547155380249023,0.2403751564025879,0.5136336326599121,45.26675484627643,113.67999935886148,210.4060008241624
REP_0027,26,6,1048576,33554432,15,0.16566155433654783,0.240457763671875,0.5138670349121094,45.15001059532242,113.7036571683851,210.19088102250248
REP_0027,26,6,4194304,134217728,1,0.8309246063232422,1.034460563659668,2.119012145996094,24.49511734127745,104.8422356962114,155.0185816944945
REP_0027,26,6,4194304,134217728,2,0.8306214141845703,1.0341813278198242,2.1192013549804685,24.506942652699458,104.91583999567986,155.13444738971853
REP_0027,26,6,4194304,134217728,3,0.8306652069091797,1.034411964416504,2.1191284942626956,24.528143927617375,104.86310746203169,155.1122253149083
REP_0027,26,6,4194304,134217728,4,0.8306520080566406,1.0338815689086913,2.118424301147461,24.466269735206957,104.90009347816822,155.03150303622806
REP_0027,26,6,4194304,134217728,5,0.8308322906494141,1.0342791748046876,2.117384033203125,24.487118091697013,104.72074511245673,154.85095572634603
REP_0027,26,6,4194304,134217728,6,0.8303374099731445,1.0333801651000978,2.1159396362304688,24.453041942735098,104.75907199413967,154.82889375042183
REP_0027,26,6,4194304,134217728,7,0.8304798126220703,1.0335985565185548,2.116129150390625,24.457998955468717,104.73414335236035,154.80801799496845
REP_0027,26,6,4194304,134217728,8,0.8304973983764649,1.0342165756225585,2.1185121154785156,24.529779099169158,104.84221249337962,155.08955471985635
REP_0027,26,6,4194304,134217728,9,0.8306840133666993,1.0342382049560546,2.118027114868164,24.504407008432196,104.79103408853092,154.97386259836165
REP_0027,26,6,4194304,134217728,10,0.8309872055053711,1.034535026550293,2.117638854980469,24.494699761488235,104.69474697650769,154.8341106759413
REP_0027,26,6,4194304,134217728,11,0.831025619506836,1.0343091583251953,2.11827392578125,24.461765563737494,104.80084786363726,154.89875114058685
REP_0027,26,6,4194304,134217728,12,0.8308530426025391,1.034368438720703,2.1187706756591798,24.49475246316466,104.83713504248593,155.01148422378117
REP_0027,26,6,4194304,134217728,13,0.8312746047973633,1.0346727752685547,2.119343719482422,24.468228585038165,104.83226872692528,154.951096454949
REP_0027,26,6,4194304,134217728,14,0.830946273803711,1.0347735595703127,2.1195279693603517,24.529538454221477,104.83012440330239,155.0740085346401
REP_0027,26,6,4194304,134217728,15,0.8310647964477539,1.0347993469238281,2.1188098907470705,24.514881552786647,104.75562697693088,154.95122640299113
