pass,kind,kernel,counter,value,file
A,IDENTITY,kernel_identity,SQ_INSTS,165675008.0,${WORKSPACE}/metakv_amd_attribution/p2d2_dynamic_profile/p2d2b_r3_passA/pass_1/dsw-2163772-6f44cc5c68-dchzs/4086_counter_collection.csv
A,IDENTITY,kernel_identity,SQ_INSTS_SALU,35651584.0,${WORKSPACE}/metakv_amd_attribution/p2d2_dynamic_profile/p2d2b_r3_passA/pass_1/dsw-2163772-6f44cc5c68-dchzs/4086_counter_collection.csv
A,IDENTITY,kernel_identity,SQ_INSTS_VALU,115343360.0,${WORKSPACE}/metakv_amd_attribution/p2d2_dynamic_profile/p2d2b_r3_passA/pass_1/dsw-2163772-6f44cc5c68-dchzs/4086_counter_collection.csv
A,IDENTITY,kernel_identity,SQ_INSTS_VALU_INT32,23068672.0,${WORKSPACE}/metakv_amd_attribution/p2d2_dynamic_profile/p2d2b_r3_passA/pass_1/dsw-2163772-6f44cc5c68-dchzs/4086_counter_collection.csv
A,MAPPED,kernel_mapped,SQ_INSTS,224395264.0,${WORKSPACE}/metakv_amd_attribution/p2d2_dynamic_profile/p2d2b_r3_passA/pass_1/dsw-2163772-6f44cc5c68-dchzs/4086_counter_collection.csv
A,MAPPED,kernel_mapped,SQ_INSTS_SALU,35651584.0,${WORKSPACE}/metakv_amd_attribution/p2d2_dynamic_profile/p2d2b_r3_passA/pass_1/dsw-2163772-6f44cc5c68-dchzs/4086_counter_collection.csv
A,MAPPED,kernel_mapped,SQ_INSTS_VALU,174063616.0,${WORKSPACE}/metakv_amd_attribution/p2d2_dynamic_profile/p2d2b_r3_passA/pass_1/dsw-2163772-6f44cc5c68-dchzs/4086_counter_collection.csv
A,MAPPED,kernel_mapped,SQ_INSTS_VALU_INT32,29360128.0,${WORKSPACE}/metakv_amd_attribution/p2d2_dynamic_profile/p2d2b_r3_passA/pass_1/dsw-2163772-6f44cc5c68-dchzs/4086_counter_collection.csv
A,IDENTITY,kernel_identity,SQ_INSTS,165675008.0,${WORKSPACE}/metakv_amd_attribution/p2d2_dynamic_profile/p2d2b_r3_passA/pass_1/dsw-2163772-6f44cc5c68-dchzs/4086_counter_collection.csv
A,IDENTITY,kernel_identity,SQ_INSTS_SALU,35651584.0,${WORKSPACE}/metakv_amd_attribution/p2d2_dynamic_profile/p2d2b_r3_passA/pass_1/dsw-2163772-6f44cc5c68-dchzs/4086_counter_collection.csv
A,IDENTITY,kernel_identity,SQ_INSTS_VALU,115343360.0,${WORKSPACE}/metakv_amd_attribution/p2d2_dynamic_profile/p2d2b_r3_passA/pass_1/dsw-2163772-6f44cc5c68-dchzs/4086_counter_collection.csv
A,IDENTITY,kernel_identity,SQ_INSTS_VALU_INT32,23068672.0,${WORKSPACE}/metakv_amd_attribution/p2d2_dynamic_profile/p2d2b_r3_passA/pass_1/dsw-2163772-6f44cc5c68-dchzs/4086_counter_collection.csv
A,MAPPED,kernel_mapped,SQ_INSTS,224395264.0,${WORKSPACE}/metakv_amd_attribution/p2d2_dynamic_profile/p2d2b_r3_passA/pass_1/dsw-2163772-6f44cc5c68-dchzs/4086_counter_collection.csv
A,MAPPED,kernel_mapped,SQ_INSTS_SALU,35651584.0,${WORKSPACE}/metakv_amd_attribution/p2d2_dynamic_profile/p2d2b_r3_passA/pass_1/dsw-2163772-6f44cc5c68-dchzs/4086_counter_collection.csv
A,MAPPED,kernel_mapped,SQ_INSTS_VALU,174063616.0,${WORKSPACE}/metakv_amd_attribution/p2d2_dynamic_profile/p2d2b_r3_passA/pass_1/dsw-2163772-6f44cc5c68-dchzs/4086_counter_collection.csv
A,MAPPED,kernel_mapped,SQ_INSTS_VALU_INT32,29360128.0,${WORKSPACE}/metakv_amd_attribution/p2d2_dynamic_profile/p2d2b_r3_passA/pass_1/dsw-2163772-6f44cc5c68-dchzs/4086_counter_collection.csv
A,IDENTITY,kernel_identity,SQ_INSTS,165675008.0,${WORKSPACE}/metakv_amd_attribution/p2d2_dynamic_profile/p2d2b_r3_passA/pass_1/dsw-2163772-6f44cc5c68-dchzs/4086_counter_collection.csv
A,IDENTITY,kernel_identity,SQ_INSTS_SALU,35651584.0,${WORKSPACE}/metakv_amd_attribution/p2d2_dynamic_profile/p2d2b_r3_passA/pass_1/dsw-2163772-6f44cc5c68-dchzs/4086_counter_collection.csv
A,IDENTITY,kernel_identity,SQ_INSTS_VALU,115343360.0,${WORKSPACE}/metakv_amd_attribution/p2d2_dynamic_profile/p2d2b_r3_passA/pass_1/dsw-2163772-6f44cc5c68-dchzs/4086_counter_collection.csv
A,IDENTITY,kernel_identity,SQ_INSTS_VALU_INT32,23068672.0,${WORKSPACE}/metakv_amd_attribution/p2d2_dynamic_profile/p2d2b_r3_passA/pass_1/dsw-2163772-6f44cc5c68-dchzs/4086_counter_collection.csv
A,MAPPED,kernel_mapped,SQ_INSTS,224395264.0,${WORKSPACE}/metakv_amd_attribution/p2d2_dynamic_profile/p2d2b_r3_passA/pass_1/dsw-2163772-6f44cc5c68-dchzs/4086_counter_collection.csv
A,MAPPED,kernel_mapped,SQ_INSTS_SALU,35651584.0,${WORKSPACE}/metakv_amd_attribution/p2d2_dynamic_profile/p2d2b_r3_passA/pass_1/dsw-2163772-6f44cc5c68-dchzs/4086_counter_collection.csv
A,MAPPED,kernel_mapped,SQ_INSTS_VALU,174063616.0,${WORKSPACE}/metakv_amd_attribution/p2d2_dynamic_profile/p2d2b_r3_passA/pass_1/dsw-2163772-6f44cc5c68-dchzs/4086_counter_collection.csv
A,MAPPED,kernel_mapped,SQ_INSTS_VALU_INT32,29360128.0,${WORKSPACE}/metakv_amd_attribution/p2d2_dynamic_profile/p2d2b_r3_passA/pass_1/dsw-2163772-6f44cc5c68-dchzs/4086_counter_collection.csv
A,MAPPED,kernel_mapped,SQ_INSTS,224395264.0,${WORKSPACE}/metakv_amd_attribution/p2d2_dynamic_profile/p2d2b_r3_passA/pass_1/dsw-2163772-6f44cc5c68-dchzs/4086_counter_collection.csv
A,MAPPED,kernel_mapped,SQ_INSTS_SALU,35651584.0,${WORKSPACE}/metakv_amd_attribution/p2d2_dynamic_profile/p2d2b_r3_passA/pass_1/dsw-2163772-6f44cc5c68-dchzs/4086_counter_collection.csv
A,MAPPED,kernel_mapped,SQ_INSTS_VALU,174063616.0,${WORKSPACE}/metakv_amd_attribution/p2d2_dynamic_profile/p2d2b_r3_passA/pass_1/dsw-2163772-6f44cc5c68-dchzs/4086_counter_collection.csv
A,MAPPED,kernel_mapped,SQ_INSTS_VALU_INT32,29360128.0,${WORKSPACE}/metakv_amd_attribution/p2d2_dynamic_profile/p2d2b_r3_passA/pass_1/dsw-2163772-6f44cc5c68-dchzs/4086_counter_collection.csv
A,IDENTITY,kernel_identity,SQ_INSTS,165675008.0,${WORKSPACE}/metakv_amd_attribution/p2d2_dynamic_profile/p2d2b_r3_passA/pass_1/dsw-2163772-6f44cc5c68-dchzs/4086_counter_collection.csv
A,IDENTITY,kernel_identity,SQ_INSTS_SALU,35651584.0,${WORKSPACE}/metakv_amd_attribution/p2d2_dynamic_profile/p2d2b_r3_passA/pass_1/dsw-2163772-6f44cc5c68-dchzs/4086_counter_collection.csv
A,IDENTITY,kernel_identity,SQ_INSTS_VALU,115343360.0,${WORKSPACE}/metakv_amd_attribution/p2d2_dynamic_profile/p2d2b_r3_passA/pass_1/dsw-2163772-6f44cc5c68-dchzs/4086_counter_collection.csv
A,IDENTITY,kernel_identity,SQ_INSTS_VALU_INT32,23068672.0,${WORKSPACE}/metakv_amd_attribution/p2d2_dynamic_profile/p2d2b_r3_passA/pass_1/dsw-2163772-6f44cc5c68-dchzs/4086_counter_collection.csv
B,IDENTITY,kernel_identity,OccupancyPercent,87.943783,${WORKSPACE}/metakv_amd_attribution/p2d2_dynamic_profile/p2d2b_r3_passB/pass_1/dsw-2163772-6f44cc5c68-dchzs/4139_counter_collection.csv
B,IDENTITY,kernel_identity,SQ_BUSY_CU_CYCLES,123758057.0,${WORKSPACE}/metakv_amd_attribution/p2d2_dynamic_profile/p2d2b_r3_passB/pass_1/dsw-2163772-6f44cc5c68-dchzs/4139_counter_collection.csv
B,IDENTITY,kernel_identity,SQ_WAVES,2097152.0,${WORKSPACE}/metakv_amd_attribution/p2d2_dynamic_profile/p2d2b_r3_passB/pass_1/dsw-2163772-6f44cc5c68-dchzs/4139_counter_collection.csv
B,IDENTITY,kernel_identity,SQ_WAVE_CYCLES,884283887.0,${WORKSPACE}/metakv_amd_attribution/p2d2_dynamic_profile/p2d2b_r3_passB/pass_1/dsw-2163772-6f44cc5c68-dchzs/4139_counter_collection.csv
B,MAPPED,kernel_mapped,OccupancyPercent,86.196403,${WORKSPACE}/metakv_amd_attribution/p2d2_dynamic_profile/p2d2b_r3_passB/pass_1/dsw-2163772-6f44cc5c68-dchzs/4139_counter_collection.csv
B,MAPPED,kernel_mapped,SQ_BUSY_CU_CYCLES,155246497.0,${WORKSPACE}/metakv_amd_attribution/p2d2_dynamic_profile/p2d2b_r3_passB/pass_1/dsw-2163772-6f44cc5c68-dchzs/4139_counter_collection.csv
B,MAPPED,kernel_mapped,SQ_WAVES,2097152.0,${WORKSPACE}/metakv_amd_attribution/p2d2_dynamic_profile/p2d2b_r3_passB/pass_1/dsw-2163772-6f44cc5c68-dchzs/4139_counter_collection.csv
B,MAPPED,kernel_mapped,SQ_WAVE_CYCLES,1085281398.0,${WORKSPACE}/metakv_amd_attribution/p2d2_dynamic_profile/p2d2b_r3_passB/pass_1/dsw-2163772-6f44cc5c68-dchzs/4139_counter_collection.csv
B,IDENTITY,kernel_identity,OccupancyPercent,85.273021,${WORKSPACE}/metakv_amd_attribution/p2d2_dynamic_profile/p2d2b_r3_passB/pass_1/dsw-2163772-6f44cc5c68-dchzs/4139_counter_collection.csv
B,IDENTITY,kernel_identity,SQ_BUSY_CU_CYCLES,136020132.0,${WORKSPACE}/metakv_amd_attribution/p2d2_dynamic_profile/p2d2b_r3_passB/pass_1/dsw-2163772-6f44cc5c68-dchzs/4139_counter_collection.csv
B,IDENTITY,kernel_identity,SQ_WAVES,2097152.0,${WORKSPACE}/metakv_amd_attribution/p2d2_dynamic_profile/p2d2b_r3_passB/pass_1/dsw-2163772-6f44cc5c68-dchzs/4139_counter_collection.csv
B,IDENTITY,kernel_identity,SQ_WAVE_CYCLES,962250784.0,${WORKSPACE}/metakv_amd_attribution/p2d2_dynamic_profile/p2d2b_r3_passB/pass_1/dsw-2163772-6f44cc5c68-dchzs/4139_counter_collection.csv
B,MAPPED,kernel_mapped,OccupancyPercent,84.031778,${WORKSPACE}/metakv_amd_attribution/p2d2_dynamic_profile/p2d2b_r3_passB/pass_1/dsw-2163772-6f44cc5c68-dchzs/4139_counter_collection.csv
B,MAPPED,kernel_mapped,SQ_BUSY_CU_CYCLES,162393393.0,${WORKSPACE}/metakv_amd_attribution/p2d2_dynamic_profile/p2d2b_r3_passB/pass_1/dsw-2163772-6f44cc5c68-dchzs/4139_counter_collection.csv
B,MAPPED,kernel_mapped,SQ_WAVES,2097152.0,${WORKSPACE}/metakv_amd_attribution/p2d2_dynamic_profile/p2d2b_r3_passB/pass_1/dsw-2163772-6f44cc5c68-dchzs/4139_counter_collection.csv
B,MAPPED,kernel_mapped,SQ_WAVE_CYCLES,1123566991.0,${WORKSPACE}/metakv_amd_attribution/p2d2_dynamic_profile/p2d2b_r3_passB/pass_1/dsw-2163772-6f44cc5c68-dchzs/4139_counter_collection.csv
B,IDENTITY,kernel_identity,OccupancyPercent,86.856417,${WORKSPACE}/metakv_amd_attribution/p2d2_dynamic_profile/p2d2b_r3_passB/pass_1/dsw-2163772-6f44cc5c68-dchzs/4139_counter_collection.csv
B,IDENTITY,kernel_identity,SQ_BUSY_CU_CYCLES,114668332.0,${WORKSPACE}/metakv_amd_attribution/p2d2_dynamic_profile/p2d2b_r3_passB/pass_1/dsw-2163772-6f44cc5c68-dchzs/4139_counter_collection.csv
B,IDENTITY,kernel_identity,SQ_WAVES,2097152.0,${WORKSPACE}/metakv_amd_attribution/p2d2_dynamic_profile/p2d2b_r3_passB/pass_1/dsw-2163772-6f44cc5c68-dchzs/4139_counter_collection.csv
B,IDENTITY,kernel_identity,SQ_WAVE_CYCLES,810378990.0,${WORKSPACE}/metakv_amd_attribution/p2d2_dynamic_profile/p2d2b_r3_passB/pass_1/dsw-2163772-6f44cc5c68-dchzs/4139_counter_collection.csv
B,MAPPED,kernel_mapped,OccupancyPercent,84.860698,${WORKSPACE}/metakv_amd_attribution/p2d2_dynamic_profile/p2d2b_r3_passB/pass_1/dsw-2163772-6f44cc5c68-dchzs/4139_counter_collection.csv
B,MAPPED,kernel_mapped,SQ_BUSY_CU_CYCLES,149387872.0,${WORKSPACE}/metakv_amd_attribution/p2d2_dynamic_profile/p2d2b_r3_passB/pass_1/dsw-2163772-6f44cc5c68-dchzs/4139_counter_collection.csv
B,MAPPED,kernel_mapped,SQ_WAVES,2097152.0,${WORKSPACE}/metakv_amd_attribution/p2d2_dynamic_profile/p2d2b_r3_passB/pass_1/dsw-2163772-6f44cc5c68-dchzs/4139_counter_collection.csv
B,MAPPED,kernel_mapped,SQ_WAVE_CYCLES,1029368682.0,${WORKSPACE}/metakv_amd_attribution/p2d2_dynamic_profile/p2d2b_r3_passB/pass_1/dsw-2163772-6f44cc5c68-dchzs/4139_counter_collection.csv
B,MAPPED,kernel_mapped,OccupancyPercent,84.772097,${WORKSPACE}/metakv_amd_attribution/p2d2_dynamic_profile/p2d2b_r3_passB/pass_1/dsw-2163772-6f44cc5c68-dchzs/4139_counter_collection.csv
B,MAPPED,kernel_mapped,SQ_BUSY_CU_CYCLES,149358935.0,${WORKSPACE}/metakv_amd_attribution/p2d2_dynamic_profile/p2d2b_r3_passB/pass_1/dsw-2163772-6f44cc5c68-dchzs/4139_counter_collection.csv
B,MAPPED,kernel_mapped,SQ_WAVES,2097152.0,${WORKSPACE}/metakv_amd_attribution/p2d2_dynamic_profile/p2d2b_r3_passB/pass_1/dsw-2163772-6f44cc5c68-dchzs/4139_counter_collection.csv
B,MAPPED,kernel_mapped,SQ_WAVE_CYCLES,1028303706.0,${WORKSPACE}/metakv_amd_attribution/p2d2_dynamic_profile/p2d2b_r3_passB/pass_1/dsw-2163772-6f44cc5c68-dchzs/4139_counter_collection.csv
B,IDENTITY,kernel_identity,OccupancyPercent,86.794889,${WORKSPACE}/metakv_amd_attribution/p2d2_dynamic_profile/p2d2b_r3_passB/pass_1/dsw-2163772-6f44cc5c68-dchzs/4139_counter_collection.csv
B,IDENTITY,kernel_identity,SQ_BUSY_CU_CYCLES,114762546.0,${WORKSPACE}/metakv_amd_attribution/p2d2_dynamic_profile/p2d2b_r3_passB/pass_1/dsw-2163772-6f44cc5c68-dchzs/4139_counter_collection.csv
B,IDENTITY,kernel_identity,SQ_WAVES,2097152.0,${WORKSPACE}/metakv_amd_attribution/p2d2_dynamic_profile/p2d2b_r3_passB/pass_1/dsw-2163772-6f44cc5c68-dchzs/4139_counter_collection.csv
B,IDENTITY,kernel_identity,SQ_WAVE_CYCLES,810141548.0,${WORKSPACE}/metakv_amd_attribution/p2d2_dynamic_profile/p2d2b_r3_passB/pass_1/dsw-2163772-6f44cc5c68-dchzs/4139_counter_collection.csv
C,IDENTITY,kernel_identity,MemUnitStalled,0.701888072,${WORKSPACE}/metakv_amd_attribution/p2d2_dynamic_profile/p2d2b_r3_passC/pass_1/dsw-2163772-6f44cc5c68-dchzs/4191_counter_collection.csv
C,IDENTITY,kernel_identity,SQ_INSTS_VMEM,6291456.0,${WORKSPACE}/metakv_amd_attribution/p2d2_dynamic_profile/p2d2b_r3_passC/pass_1/dsw-2163772-6f44cc5c68-dchzs/4191_counter_collection.csv
C,IDENTITY,kernel_identity,VmemLatency,593.583193,${WORKSPACE}/metakv_amd_attribution/p2d2_dynamic_profile/p2d2b_r3_passC/pass_1/dsw-2163772-6f44cc5c68-dchzs/4191_counter_collection.csv
C,MAPPED,kernel_mapped,MemUnitStalled,0.699711848,${WORKSPACE}/metakv_amd_attribution/p2d2_dynamic_profile/p2d2b_r3_passC/pass_1/dsw-2163772-6f44cc5c68-dchzs/4191_counter_collection.csv
C,MAPPED,kernel_mapped,SQ_INSTS_VMEM,6291456.0,${WORKSPACE}/metakv_amd_attribution/p2d2_dynamic_profile/p2d2b_r3_passC/pass_1/dsw-2163772-6f44cc5c68-dchzs/4191_counter_collection.csv
C,MAPPED,kernel_mapped,VmemLatency,555.964134,${WORKSPACE}/metakv_amd_attribution/p2d2_dynamic_profile/p2d2b_r3_passC/pass_1/dsw-2163772-6f44cc5c68-dchzs/4191_counter_collection.csv
C,IDENTITY,kernel_identity,MemUnitStalled,0.624098432,${WORKSPACE}/metakv_amd_attribution/p2d2_dynamic_profile/p2d2b_r3_passC/pass_1/dsw-2163772-6f44cc5c68-dchzs/4191_counter_collection.csv
C,IDENTITY,kernel_identity,SQ_INSTS_VMEM,6291456.0,${WORKSPACE}/metakv_amd_attribution/p2d2_dynamic_profile/p2d2b_r3_passC/pass_1/dsw-2163772-6f44cc5c68-dchzs/4191_counter_collection.csv
C,IDENTITY,kernel_identity,VmemLatency,666.123285,${WORKSPACE}/metakv_amd_attribution/p2d2_dynamic_profile/p2d2b_r3_passC/pass_1/dsw-2163772-6f44cc5c68-dchzs/4191_counter_collection.csv
C,MAPPED,kernel_mapped,MemUnitStalled,0.681190089,${WORKSPACE}/metakv_amd_attribution/p2d2_dynamic_profile/p2d2b_r3_passC/pass_1/dsw-2163772-6f44cc5c68-dchzs/4191_counter_collection.csv
C,MAPPED,kernel_mapped,SQ_INSTS_VMEM,6291456.0,${WORKSPACE}/metakv_amd_attribution/p2d2_dynamic_profile/p2d2b_r3_passC/pass_1/dsw-2163772-6f44cc5c68-dchzs/4191_counter_collection.csv
C,MAPPED,kernel_mapped,VmemLatency,535.459454,${WORKSPACE}/metakv_amd_attribution/p2d2_dynamic_profile/p2d2b_r3_passC/pass_1/dsw-2163772-6f44cc5c68-dchzs/4191_counter_collection.csv
C,IDENTITY,kernel_identity,MemUnitStalled,0.812753206,${WORKSPACE}/metakv_amd_attribution/p2d2_dynamic_profile/p2d2b_r3_passC/pass_1/dsw-2163772-6f44cc5c68-dchzs/4191_counter_collection.csv
C,IDENTITY,kernel_identity,SQ_INSTS_VMEM,6291456.0,${WORKSPACE}/metakv_amd_attribution/p2d2_dynamic_profile/p2d2b_r3_passC/pass_1/dsw-2163772-6f44cc5c68-dchzs/4191_counter_collection.csv
C,IDENTITY,kernel_identity,VmemLatency,496.753852,${WORKSPACE}/metakv_amd_attribution/p2d2_dynamic_profile/p2d2b_r3_passC/pass_1/dsw-2163772-6f44cc5c68-dchzs/4191_counter_collection.csv
C,MAPPED,kernel_mapped,MemUnitStalled,0.756691323,${WORKSPACE}/metakv_amd_attribution/p2d2_dynamic_profile/p2d2b_r3_passC/pass_1/dsw-2163772-6f44cc5c68-dchzs/4191_counter_collection.csv
C,MAPPED,kernel_mapped,SQ_INSTS_VMEM,6291456.0,${WORKSPACE}/metakv_amd_attribution/p2d2_dynamic_profile/p2d2b_r3_passC/pass_1/dsw-2163772-6f44cc5c68-dchzs/4191_counter_collection.csv
C,MAPPED,kernel_mapped,VmemLatency,450.477286,${WORKSPACE}/metakv_amd_attribution/p2d2_dynamic_profile/p2d2b_r3_passC/pass_1/dsw-2163772-6f44cc5c68-dchzs/4191_counter_collection.csv
C,MAPPED,kernel_mapped,MemUnitStalled,0.751335466,${WORKSPACE}/metakv_amd_attribution/p2d2_dynamic_profile/p2d2b_r3_passC/pass_1/dsw-2163772-6f44cc5c68-dchzs/4191_counter_collection.csv
C,MAPPED,kernel_mapped,SQ_INSTS_VMEM,6291456.0,${WORKSPACE}/metakv_amd_attribution/p2d2_dynamic_profile/p2d2b_r3_passC/pass_1/dsw-2163772-6f44cc5c68-dchzs/4191_counter_collection.csv
C,MAPPED,kernel_mapped,VmemLatency,450.712076,${WORKSPACE}/metakv_amd_attribution/p2d2_dynamic_profile/p2d2b_r3_passC/pass_1/dsw-2163772-6f44cc5c68-dchzs/4191_counter_collection.csv
C,IDENTITY,kernel_identity,MemUnitStalled,0.813433138,${WORKSPACE}/metakv_amd_attribution/p2d2_dynamic_profile/p2d2b_r3_passC/pass_1/dsw-2163772-6f44cc5c68-dchzs/4191_counter_collection.csv
C,IDENTITY,kernel_identity,SQ_INSTS_VMEM,6291456.0,${WORKSPACE}/metakv_amd_attribution/p2d2_dynamic_profile/p2d2b_r3_passC/pass_1/dsw-2163772-6f44cc5c68-dchzs/4191_counter_collection.csv
C,IDENTITY,kernel_identity,VmemLatency,497.317982,${WORKSPACE}/metakv_amd_attribution/p2d2_dynamic_profile/p2d2b_r3_passC/pass_1/dsw-2163772-6f44cc5c68-dchzs/4191_counter_collection.csv
